,trialid,sentnum,ianum,ia,lang,uniform_id,skip,firstfix_dur,firstrun_dur,dur,firstrun_nfix,nfix,refix,reread
0,2.0,1.0,1.0,The,en,en_49,0.0,145.0,145.0,145.0,1.0,1.0,0.0,0.0
1,2.0,1.0,2.0,shaka,en,en_49,0.0,449.0,449.0,912.0,1.0,2.0,0.0,1.0
2,2.0,1.0,3.0,"sign,",en,en_49,0.0,157.0,157.0,157.0,1.0,1.0,0.0,0.0
3,2.0,1.0,4.0,sometimes,en,en_49,0.0,165.0,165.0,403.0,1.0,2.0,0.0,1.0
4,2.0,1.0,5.0,known,en,en_49,0.0,193.0,193.0,347.0,1.0,2.0,0.0,1.0
5,2.0,1.0,6.0,as,en,en_49,1.0,0.0,0.0,0.0,0.0,0.0,0.0,0.0
6,2.0,1.0,7.0,"""hang",en,en_49,0.0,281.0,281.0,576.0,1.0,3.0,0.0,1.0
7,2.0,1.0,8.0,"loose"",",en,en_49,0.0,284.0,284.0,284.0,1.0,1.0,0.0,0.0
8,2.0,1.0,9.0,is,en,en_49,0.0,192.0,192.0,396.0,1.0,2.0,0.0,1.0
9,2.0,1.0,10.0,a,en,en_49,1.0,0.0,0.0,0.0,0.0,0.0,0.0,0.0
10,2.0,1.0,11.0,gesture,en,en_49,0.0,207.0,207.0,666.0,1.0,4.0,0.0,1.0
11,2.0,1.0,12.0,of,en,en_49,0.0,183.0,183.0,355.0,1.0,2.0,0.0,1.0
12,2.0,1.0,13.0,friendly,en,en_49,0.0,173.0,173.0,377.0,1.0,2.0,0.0,1.0
13,2.0,1.0,14.0,intent,en,en_49,0.0,195.0,195.0,393.0,1.0,2.0,0.0,1.0
14,2.0,1.0,15.0,often,en,en_49,0.0,174.0,174.0,385.0,1.0,2.0,0.0,1.0
15,2.0,1.0,16.0,associated,en,en_49,1.0,0.0,0.0,0.0,0.0,0.0,0.0,0.0
16,2.0,1.0,17.0,with,en,en_49,0.0,155.0,155.0,155.0,1.0,1.0,0.0,0.0
17,2.0,1.0,18.0,Hawaii,en,en_49,0.0,132.0,277.0,277.0,2.0,2.0,1.0,0.0
18,2.0,1.0,19.0,and,en,en_49,1.0,0.0,0.0,0.0,0.0,0.0,0.0,0.0
19,2.0,1.0,20.0,surf,en,en_49,0.0,360.0,360.0,360.0,1.0,1.0,0.0,0.0
20,2.0,1.0,21.0,culture.,en,en_49,0.0,120.0,120.0,120.0,1.0,1.0,0.0,0.0
21,2.0,2.0,22.0,The,en,en_49,0.0,146.0,146.0,146.0,1.0,1.0,0.0,0.0
22,2.0,2.0,23.0,gesture,en,en_49,0.0,178.0,178.0,178.0,1.0,1.0,0.0,0.0
23,2.0,2.0,24.0,is,en,en_49,0.0,184.0,184.0,184.0,1.0,1.0,0.0,0.0
24,2.0,2.0,25.0,made,en,en_49,1.0,0.0,0.0,0.0,0.0,0.0,0.0,0.0
25,2.0,2.0,26.0,by,en,en_49,0.0,217.0,217.0,217.0,1.0,1.0,0.0,0.0
26,2.0,2.0,27.0,extending,en,en_49,1.0,0.0,0.0,0.0,0.0,0.0,0.0,0.0
27,2.0,2.0,28.0,the,en,en_49,0.0,150.0,150.0,150.0,1.0,1.0,0.0,0.0
28,2.0,2.0,29.0,thumb,en,en_49,0.0,168.0,168.0,168.0,1.0,1.0,0.0,0.0
29,2.0,2.0,30.0,and,en,en_49,1.0,0.0,0.0,0.0,0.0,0.0,0.0,0.0
30,2.0,2.0,31.0,smallest,en,en_49,0.0,175.0,345.0,345.0,2.0,2.0,1.0,0.0
31,2.0,2.0,32.0,finger,en,en_49,1.0,0.0,0.0,0.0,0.0,0.0,0.0,0.0
32,2.0,2.0,33.0,while,en,en_49,0.0,161.0,314.0,314.0,2.0,2.0,1.0,0.0
33,2.0,2.0,34.0,holding,en,en_49,1.0,0.0,0.0,0.0,0.0,0.0,0.0,0.0
34,2.0,2.0,35.0,the,en,en_49,0.0,305.0,305.0,305.0,1.0,1.0,0.0,0.0
35,2.0,2.0,36.0,three,en,en_49,1.0,0.0,0.0,0.0,0.0,0.0,0.0,0.0
36,2.0,2.0,37.0,middle,en,en_49,1.0,0.0,0.0,0.0,0.0,0.0,0.0,0.0
37,2.0,2.0,38.0,fingers,en,en_49,0.0,140.0,344.0,344.0,2.0,2.0,1.0,0.0
38,2.0,2.0,39.0,curled,en,en_49,1.0,0.0,0.0,0.0,0.0,0.0,0.0,0.0
39,2.0,2.0,40.0,and,en,en_49,0.0,93.0,93.0,254.0,1.0,2.0,0.0,1.0
40,2.0,2.0,41.0,gesturing,en,en_49,0.0,158.0,158.0,158.0,1.0,1.0,0.0,0.0
41,2.0,2.0,42.0,in,en,en_49,1.0,0.0,0.0,0.0,0.0,0.0,0.0,0.0
42,2.0,2.0,43.0,salutation,en,en_49,0.0,288.0,800.0,800.0,3.0,3.0,1.0,0.0
43,2.0,2.0,44.0,while,en,en_49,0.0,173.0,173.0,173.0,1.0,1.0,0.0,0.0
44,2.0,2.0,45.0,presenting,en,en_49,0.0,143.0,143.0,143.0,1.0,1.0,0.0,0.0
45,2.0,2.0,46.0,the,en,en_49,1.0,0.0,0.0,0.0,0.0,0.0,0.0,0.0
46,2.0,2.0,47.0,front,en,en_49,0.0,222.0,222.0,493.0,1.0,2.0,0.0,1.0
47,2.0,2.0,48.0,or,en,en_49,0.0,175.0,175.0,320.0,1.0,2.0,0.0,1.0
48,2.0,2.0,49.0,back,en,en_49,1.0,0.0,0.0,0.0,0.0,0.0,0.0,0.0
49,2.0,2.0,50.0,of,en,en_49,0.0,350.0,350.0,350.0,1.0,1.0,0.0,0.0
50,2.0,2.0,51.0,the,en,en_49,1.0,0.0,0.0,0.0,0.0,0.0,0.0,0.0
51,2.0,2.0,52.0,hand;,en,en_49,0.0,151.0,151.0,151.0,1.0,1.0,0.0,0.0
52,2.0,3.0,53.0,the,en,en_49,0.0,202.0,202.0,202.0,1.0,1.0,0.0,0.0
53,2.0,3.0,54.0,hand,en,en_49,1.0,0.0,0.0,0.0,0.0,0.0,0.0,0.0
54,2.0,3.0,55.0,may,en,en_49,1.0,0.0,0.0,0.0,0.0,0.0,0.0,0.0
55,2.0,3.0,56.0,be,en,en_49,1.0,0.0,0.0,0.0,0.0,0.0,0.0,0.0
56,2.0,3.0,57.0,rotated,en,en_49,1.0,0.0,0.0,0.0,0.0,0.0,0.0,0.0
57,2.0,3.0,58.0,back,en,en_49,1.0,0.0,0.0,0.0,0.0,0.0,0.0,0.0
58,2.0,3.0,59.0,and,en,en_49,0.0,140.0,514.0,514.0,2.0,2.0,1.0,0.0
59,2.0,3.0,60.0,forth,en,en_49,0.0,325.0,325.0,325.0,1.0,1.0,0.0,0.0
60,2.0,3.0,61.0,for,en,en_49,1.0,0.0,0.0,0.0,0.0,0.0,0.0,0.0
61,2.0,3.0,62.0,emphasis.,en,en_49,0.0,268.0,1073.0,1073.0,5.0,5.0,1.0,0.0
62,2.0,4.0,63.0,The,en,en_49,1.0,0.0,0.0,0.0,0.0,0.0,0.0,0.0
63,2.0,4.0,64.0,shaka,en,en_49,1.0,0.0,0.0,0.0,0.0,0.0,0.0,0.0
64,2.0,4.0,65.0,sign,en,en_49,0.0,341.0,341.0,341.0,1.0,1.0,0.0,0.0
65,2.0,4.0,66.0,was,en,en_49,0.0,203.0,203.0,203.0,1.0,1.0,0.0,0.0
66,2.0,4.0,67.0,adopted,en,en_49,0.0,213.0,523.0,523.0,3.0,3.0,1.0,0.0
67,2.0,4.0,68.0,from,en,en_49,0.0,203.0,203.0,203.0,1.0,1.0,0.0,0.0
68,2.0,4.0,69.0,local,en,en_49,0.0,204.0,204.0,204.0,1.0,1.0,0.0,0.0
69,2.0,4.0,70.0,Hawaiian,en,en_49,0.0,189.0,189.0,189.0,1.0,1.0,0.0,0.0
70,2.0,4.0,71.0,culture,en,en_49,1.0,0.0,0.0,0.0,0.0,0.0,0.0,0.0
71,2.0,4.0,72.0,and,en,en_49,0.0,228.0,228.0,228.0,1.0,1.0,0.0,0.0
72,2.0,4.0,73.0,customs,en,en_49,0.0,178.0,301.0,301.0,2.0,2.0,1.0,0.0
73,2.0,4.0,74.0,by,en,en_49,1.0,0.0,0.0,0.0,0.0,0.0,0.0,0.0
74,2.0,4.0,75.0,visiting,en,en_49,1.0,0.0,0.0,0.0,0.0,0.0,0.0,0.0
75,2.0,4.0,76.0,surfers,en,en_49,0.0,375.0,375.0,375.0,1.0,1.0,0.0,0.0
76,2.0,4.0,77.0,in,en,en_49,1.0,0.0,0.0,0.0,0.0,0.0,0.0,0.0
77,2.0,4.0,78.0,the,en,en_49,0.0,261.0,261.0,261.0,1.0,1.0,0.0,0.0
78,2.0,4.0,79.0,"1960s,",en,en_49,1.0,0.0,0.0,0.0,0.0,0.0,0.0,0.0
79,2.0,4.0,80.0,and,en,en_49,0.0,167.0,597.0,597.0,3.0,3.0,1.0,0.0
80,2.0,4.0,81.0,its,en,en_49,1.0,0.0,0.0,0.0,0.0,0.0,0.0,0.0
81,2.0,4.0,82.0,use,en,en_49,0.0,281.0,281.0,281.0,1.0,1.0,0.0,0.0
82,2.0,4.0,83.0,has,en,en_49,0.0,266.0,266.0,266.0,1.0,1.0,0.0,0.0
83,2.0,4.0,84.0,spread,en,en_49,0.0,174.0,689.0,689.0,3.0,3.0,1.0,0.0
84,2.0,4.0,85.0,around,en,en_49,1.0,0.0,0.0,0.0,0.0,0.0,0.0,0.0
85,2.0,4.0,86.0,the,en,en_49,1.0,0.0,0.0,0.0,0.0,0.0,0.0,0.0
86,2.0,4.0,87.0,world.,en,en_49,0.0,184.0,184.0,184.0,1.0,1.0,0.0,0.0
87,2.0,5.0,88.0,It,en,en_49,1.0,0.0,0.0,0.0,0.0,0.0,0.0,0.0
88,2.0,5.0,89.0,is,en,en_49,1.0,0.0,0.0,0.0,0.0,0.0,0.0,0.0
89,2.0,5.0,90.0,primarily,en,en_49,0.0,161.0,161.0,161.0,1.0,1.0,0.0,0.0
90,2.0,5.0,91.0,used,en,en_49,0.0,164.0,164.0,164.0,1.0,1.0,0.0,0.0
91,2.0,5.0,92.0,as,en,en_49,1.0,0.0,0.0,0.0,0.0,0.0,0.0,0.0
92,2.0,5.0,93.0,a,en,en_49,1.0,0.0,0.0,0.0,0.0,0.0,0.0,0.0
93,2.0,5.0,94.0,greeting,en,en_49,0.0,139.0,308.0,308.0,2.0,2.0,1.0,0.0
94,2.0,5.0,95.0,gesture,en,en_49,1.0,0.0,0.0,0.0,0.0,0.0,0.0,0.0
95,2.0,5.0,96.0,or,en,en_49,1.0,0.0,0.0,0.0,0.0,0.0,0.0,0.0
96,2.0,5.0,97.0,to,en,en_49,1.0,0.0,0.0,0.0,0.0,0.0,0.0,0.0
97,2.0,5.0,98.0,express,en,en_49,0.0,123.0,265.0,265.0,2.0,2.0,1.0,0.0
98,2.0,5.0,99.0,"thanks,",en,en_49,0.0,170.0,170.0,170.0,1.0,1.0,0.0,0.0
99,2.0,5.0,100.0,"acknowledgement,",en,en_49,0.0,158.0,347.0,347.0,2.0,2.0,1.0,0.0
100,2.0,5.0,101.0,or,en,en_49,0.0,482.0,482.0,747.0,1.0,2.0,0.0,1.0
101,2.0,5.0,102.0,even,en,en_49,1.0,0.0,0.0,0.0,0.0,0.0,0.0,0.0
102,2.0,5.0,103.0,praise,en,en_49,1.0,0.0,0.0,0.0,0.0,0.0,0.0,0.0
103,2.0,5.0,104.0,from,en,en_49,0.0,200.0,200.0,200.0,1.0,1.0,0.0,0.0
104,2.0,5.0,105.0,one,en,en_49,0.0,213.0,213.0,213.0,1.0,1.0,0.0,0.0
105,2.0,5.0,106.0,individual,en,en_49,1.0,0.0,0.0,0.0,0.0,0.0,0.0,0.0
106,2.0,5.0,107.0,to,en,en_49,0.0,233.0,233.0,529.0,1.0,2.0,0.0,1.0
107,2.0,5.0,108.0,another.,en,en_49,0.0,138.0,138.0,301.0,1.0,2.0,0.0,1.0
108,2.0,6.0,109.0,Residents,en,en_49,0.0,181.0,181.0,181.0,1.0,1.0,0.0,0.0
109,2.0,6.0,110.0,of,en,en_49,1.0,0.0,0.0,0.0,0.0,0.0,0.0,0.0
110,2.0,6.0,111.0,Hawaii,en,en_49,0.0,524.0,524.0,524.0,1.0,1.0,0.0,0.0
111,2.0,6.0,112.0,use,en,en_49,0.0,181.0,181.0,181.0,1.0,1.0,0.0,0.0
112,2.0,6.0,113.0,the,en,en_49,1.0,0.0,0.0,0.0,0.0,0.0,0.0,0.0
113,2.0,6.0,114.0,shaka,en,en_49,1.0,0.0,0.0,0.0,0.0,0.0,0.0,0.0
114,2.0,6.0,115.0,to,en,en_49,1.0,0.0,0.0,0.0,0.0,0.0,0.0,0.0
115,2.0,6.0,116.0,convey,en,en_49,0.0,133.0,355.0,355.0,2.0,2.0,1.0,0.0
116,2.0,6.0,117.0,the,en,en_49,0.0,97.0,97.0,262.0,1.0,2.0,0.0,1.0
117,2.0,6.0,118.0,"""Aloha",en,en_49,0.0,190.0,190.0,190.0,1.0,1.0,0.0,0.0
118,2.0,6.0,119.0,"Spirit"":",en,en_49,0.0,391.0,391.0,391.0,1.0,1.0,0.0,0.0
119,2.0,6.0,120.0,a,en,en_49,0.0,290.0,290.0,290.0,1.0,1.0,0.0,0.0
120,2.0,6.0,121.0,concept,en,en_49,0.0,269.0,269.0,269.0,1.0,1.0,0.0,0.0
121,2.0,6.0,122.0,of,en,en_49,0.0,175.0,175.0,175.0,1.0,1.0,0.0,0.0
122,2.0,6.0,123.0,"friendship,",en,en_49,0.0,211.0,211.0,836.0,1.0,4.0,0.0,1.0
123,2.0,6.0,124.0,"understanding,",en,en_49,0.0,183.0,183.0,644.0,1.0,3.0,1.0,1.0
124,2.0,6.0,125.0,"compassion,",en,en_49,0.0,216.0,216.0,481.0,1.0,2.0,0.0,1.0
125,2.0,6.0,126.0,and,en,en_49,0.0,187.0,187.0,447.0,1.0,2.0,0.0,1.0
126,2.0,6.0,127.0,solidarity,en,en_49,0.0,191.0,191.0,191.0,1.0,1.0,0.0,0.0
127,2.0,6.0,128.0,among,en,en_49,0.0,175.0,305.0,305.0,2.0,2.0,1.0,0.0
128,2.0,6.0,129.0,the,en,en_49,1.0,0.0,0.0,0.0,0.0,0.0,0.0,0.0
129,2.0,6.0,130.0,various,en,en_49,1.0,0.0,0.0,0.0,0.0,0.0,0.0,0.0
130,2.0,6.0,131.0,ethnic,en,en_49,0.0,279.0,279.0,279.0,1.0,1.0,0.0,0.0
131,2.0,6.0,132.0,cultures,en,en_49,0.0,142.0,142.0,377.0,1.0,2.0,0.0,1.0
132,2.0,6.0,133.0,that,en,en_49,0.0,201.0,201.0,201.0,1.0,1.0,0.0,0.0
133,2.0,6.0,134.0,reside,en,en_49,0.0,215.0,215.0,215.0,1.0,1.0,0.0,0.0
134,2.0,6.0,135.0,in,en,en_49,1.0,0.0,0.0,0.0,0.0,0.0,0.0,0.0
135,2.0,6.0,136.0,Hawaii.,en,en_49,0.0,182.0,182.0,331.0,1.0,2.0,0.0,1.0
136,2.0,7.0,137.0,While,en,en_49,0.0,201.0,201.0,250.0,1.0,2.0,0.0,1.0
137,2.0,7.0,138.0,the,en,en_49,0.0,182.0,182.0,182.0,1.0,1.0,0.0,0.0
138,2.0,7.0,139.0,exact,en,en_49,1.0,0.0,0.0,0.0,0.0,0.0,0.0,0.0
139,2.0,7.0,140.0,origin,en,en_49,0.0,158.0,158.0,158.0,1.0,1.0,0.0,0.0
140,2.0,7.0,141.0,of,en,en_49,0.0,143.0,143.0,143.0,1.0,1.0,0.0,0.0
141,2.0,7.0,142.0,the,en,en_49,0.0,226.0,226.0,226.0,1.0,1.0,0.0,0.0
142,2.0,7.0,143.0,sign,en,en_49,1.0,0.0,0.0,0.0,0.0,0.0,0.0,0.0
143,2.0,7.0,144.0,is,en,en_49,0.0,205.0,205.0,205.0,1.0,1.0,0.0,0.0
144,2.0,7.0,145.0,"unclear,",en,en_49,0.0,197.0,197.0,197.0,1.0,1.0,0.0,0.0
145,2.0,7.0,146.0,some,en,en_49,1.0,0.0,0.0,0.0,0.0,0.0,0.0,0.0
146,2.0,7.0,147.0,have,en,en_49,0.0,228.0,228.0,228.0,1.0,1.0,0.0,0.0
147,2.0,7.0,148.0,suggested,en,en_49,0.0,192.0,192.0,192.0,1.0,1.0,0.0,0.0
148,2.0,7.0,149.0,its,en,en_49,1.0,0.0,0.0,0.0,0.0,0.0,0.0,0.0
149,2.0,7.0,150.0,origin,en,en_49,1.0,0.0,0.0,0.0,0.0,0.0,0.0,0.0
150,2.0,7.0,151.0,was,en,en_49,0.0,228.0,228.0,228.0,1.0,1.0,0.0,0.0
151,2.0,7.0,152.0,derived,en,en_49,0.0,99.0,99.0,303.0,1.0,2.0,0.0,1.0
152,2.0,7.0,153.0,from,en,en_49,1.0,0.0,0.0,0.0,0.0,0.0,0.0,0.0
153,2.0,7.0,154.0,Spanish,en,en_49,0.0,179.0,179.0,179.0,1.0,1.0,0.0,0.0
154,2.0,7.0,155.0,"immigrants,",en,en_49,1.0,0.0,0.0,0.0,0.0,0.0,0.0,0.0
155,2.0,7.0,156.0,who,en,en_49,1.0,0.0,0.0,0.0,0.0,0.0,0.0,0.0
156,2.0,7.0,157.0,folded,en,en_49,1.0,0.0,0.0,0.0,0.0,0.0,0.0,0.0
157,2.0,7.0,158.0,their,en,en_49,1.0,0.0,0.0,0.0,0.0,0.0,0.0,0.0
158,2.0,7.0,159.0,middle,en,en_49,0.0,206.0,206.0,206.0,1.0,1.0,0.0,0.0
159,2.0,7.0,160.0,fingers,en,en_49,0.0,208.0,208.0,386.0,1.0,2.0,0.0,1.0
160,2.0,7.0,161.0,and,en,en_49,1.0,0.0,0.0,0.0,0.0,0.0,0.0,0.0
161,2.0,7.0,162.0,took,en,en_49,0.0,496.0,496.0,647.0,1.0,2.0,0.0,1.0
162,2.0,7.0,163.0,their,en,en_49,0.0,227.0,227.0,227.0,1.0,1.0,0.0,0.0
163,2.0,7.0,164.0,thumbs,en,en_49,0.0,221.0,660.0,1176.0,2.0,5.0,1.0,1.0
164,2.0,7.0,165.0,to,en,en_49,0.0,143.0,143.0,143.0,1.0,1.0,0.0,0.0
165,2.0,7.0,166.0,their,en,en_49,0.0,89.0,251.0,251.0,2.0,2.0,1.0,0.0
166,2.0,7.0,167.0,lips,en,en_49,1.0,0.0,0.0,0.0,0.0,0.0,0.0,0.0
167,2.0,7.0,168.0,as,en,en_49,1.0,0.0,0.0,0.0,0.0,0.0,0.0,0.0
168,2.0,7.0,169.0,a,en,en_49,1.0,0.0,0.0,0.0,0.0,0.0,0.0,0.0
169,2.0,7.0,170.0,friendly,en,en_49,0.0,125.0,627.0,1105.0,2.0,4.0,1.0,1.0
170,2.0,7.0,171.0,gesture,en,en_49,0.0,173.0,173.0,173.0,1.0,1.0,0.0,0.0
171,2.0,7.0,172.0,to,en,en_49,0.0,167.0,167.0,167.0,1.0,1.0,0.0,0.0
172,2.0,7.0,173.0,represent,en,en_49,0.0,165.0,165.0,165.0,1.0,1.0,0.0,0.0
173,2.0,7.0,174.0,sharing,en,en_49,0.0,187.0,187.0,187.0,1.0,1.0,0.0,0.0
174,2.0,7.0,175.0,a,en,en_49,0.0,193.0,193.0,409.0,1.0,2.0,0.0,1.0
175,2.0,7.0,176.0,drink,en,en_49,1.0,0.0,0.0,0.0,0.0,0.0,0.0,0.0
176,2.0,7.0,177.0,with,en,en_49,1.0,0.0,0.0,0.0,0.0,0.0,0.0,0.0
177,2.0,7.0,178.0,the,en,en_49,0.0,163.0,163.0,163.0,1.0,1.0,0.0,0.0
178,2.0,7.0,179.0,natives,en,en_49,0.0,146.0,146.0,294.0,1.0,2.0,0.0,1.0
179,2.0,7.0,180.0,they,en,en_49,0.0,208.0,208.0,208.0,1.0,1.0,0.0,0.0
180,2.0,7.0,181.0,met,en,en_49,1.0,0.0,0.0,0.0,0.0,0.0,0.0,0.0
181,2.0,7.0,182.0,in,en,en_49,0.0,195.0,195.0,365.0,1.0,2.0,0.0,1.0
182,2.0,7.0,183.0,Hawaii.,en,en_49,0.0,307.0,307.0,1300.0,1.0,4.0,1.0,1.0
183,5.0,1.0,1.0,World,en,en_49,0.0,135.0,135.0,135.0,1.0,1.0,0.0,0.0
184,5.0,1.0,2.0,Environment,en,en_49,0.0,336.0,336.0,336.0,1.0,1.0,0.0,0.0
185,5.0,1.0,3.0,Day,en,en_49,0.0,228.0,228.0,228.0,1.0,1.0,0.0,0.0
186,5.0,1.0,4.0,(WED),en,en_49,0.0,171.0,171.0,171.0,1.0,1.0,0.0,0.0
187,5.0,1.0,5.0,is,en,en_49,1.0,0.0,0.0,0.0,0.0,0.0,0.0,0.0
188,5.0,1.0,6.0,celebrated,en,en_49,0.0,382.0,382.0,382.0,1.0,1.0,0.0,0.0
189,5.0,1.0,7.0,on,en,en_49,1.0,0.0,0.0,0.0,0.0,0.0,0.0,0.0
190,5.0,1.0,8.0,the,en,en_49,0.0,221.0,221.0,221.0,1.0,1.0,0.0,0.0
191,5.0,1.0,9.0,fifth,en,en_49,1.0,0.0,0.0,0.0,0.0,0.0,0.0,0.0
192,5.0,1.0,10.0,of,en,en_49,1.0,0.0,0.0,0.0,0.0,0.0,0.0,0.0
193,5.0,1.0,11.0,June,en,en_49,0.0,228.0,228.0,228.0,1.0,1.0,0.0,0.0
194,5.0,1.0,12.0,every,en,en_49,0.0,190.0,190.0,190.0,1.0,1.0,0.0,0.0
195,5.0,1.0,13.0,year,en,en_49,1.0,0.0,0.0,0.0,0.0,0.0,0.0,0.0
196,5.0,1.0,14.0,and,en,en_49,1.0,0.0,0.0,0.0,0.0,0.0,0.0,0.0
197,5.0,1.0,15.0,is,en,en_49,1.0,0.0,0.0,0.0,0.0,0.0,0.0,0.0
198,5.0,1.0,16.0,the,en,en_49,1.0,0.0,0.0,0.0,0.0,0.0,0.0,0.0
199,5.0,1.0,17.0,United,en,en_49,1.0,0.0,0.0,0.0,0.0,0.0,0.0,0.0
200,5.0,1.0,18.0,Nation's,en,en_49,0.0,141.0,141.0,141.0,1.0,1.0,0.0,0.0
201,5.0,1.0,19.0,principal,en,en_49,0.0,130.0,130.0,130.0,1.0,1.0,0.0,0.0
202,5.0,1.0,20.0,vehicle,en,en_49,0.0,100.0,289.0,289.0,2.0,2.0,1.0,0.0
203,5.0,1.0,21.0,for,en,en_49,0.0,133.0,288.0,288.0,2.0,2.0,1.0,0.0
204,5.0,1.0,22.0,encouraging,en,en_49,0.0,184.0,184.0,367.0,1.0,2.0,0.0,1.0
205,5.0,1.0,23.0,awareness,en,en_49,0.0,255.0,255.0,431.0,1.0,2.0,0.0,1.0
206,5.0,1.0,24.0,and,en,en_49,1.0,0.0,0.0,0.0,0.0,0.0,0.0,0.0
207,5.0,1.0,25.0,action,en,en_49,0.0,146.0,146.0,146.0,1.0,1.0,0.0,0.0
208,5.0,1.0,26.0,for,en,en_49,1.0,0.0,0.0,0.0,0.0,0.0,0.0,0.0
209,5.0,1.0,27.0,the,en,en_49,1.0,0.0,0.0,0.0,0.0,0.0,0.0,0.0
210,5.0,1.0,28.0,protection,en,en_49,0.0,172.0,172.0,172.0,1.0,1.0,0.0,0.0
211,5.0,1.0,29.0,of,en,en_49,1.0,0.0,0.0,0.0,0.0,0.0,0.0,0.0
212,5.0,1.0,30.0,the,en,en_49,0.0,217.0,217.0,217.0,1.0,1.0,0.0,0.0
213,5.0,1.0,31.0,environment.,en,en_49,0.0,165.0,165.0,165.0,1.0,1.0,0.0,0.0
214,5.0,2.0,32.0,First,en,en_49,0.0,118.0,118.0,271.0,1.0,2.0,0.0,1.0
215,5.0,2.0,33.0,held,en,en_49,0.0,157.0,157.0,429.0,1.0,3.0,1.0,1.0
216,5.0,2.0,34.0,in,en,en_49,1.0,0.0,0.0,0.0,0.0,0.0,0.0,0.0
217,5.0,2.0,35.0,"1974,",en,en_49,1.0,0.0,0.0,0.0,0.0,0.0,0.0,0.0
218,5.0,2.0,36.0,it,en,en_49,1.0,0.0,0.0,0.0,0.0,0.0,0.0,0.0
219,5.0,2.0,37.0,has,en,en_49,1.0,0.0,0.0,0.0,0.0,0.0,0.0,0.0
220,5.0,2.0,38.0,been,en,en_49,1.0,0.0,0.0,0.0,0.0,0.0,0.0,0.0
221,5.0,2.0,39.0,a,en,en_49,0.0,315.0,315.0,315.0,1.0,1.0,0.0,0.0
222,5.0,2.0,40.0,flagship,en,en_49,1.0,0.0,0.0,0.0,0.0,0.0,0.0,0.0
223,5.0,2.0,41.0,campaign,en,en_49,0.0,149.0,281.0,281.0,2.0,2.0,1.0,0.0
224,5.0,2.0,42.0,for,en,en_49,1.0,0.0,0.0,0.0,0.0,0.0,0.0,0.0
225,5.0,2.0,43.0,raising,en,en_49,0.0,167.0,167.0,167.0,1.0,1.0,0.0,0.0
226,5.0,2.0,44.0,awareness,en,en_49,0.0,184.0,184.0,184.0,1.0,1.0,0.0,0.0
227,5.0,2.0,45.0,on,en,en_49,1.0,0.0,0.0,0.0,0.0,0.0,0.0,0.0
228,5.0,2.0,46.0,emerging,en,en_49,0.0,172.0,172.0,172.0,1.0,1.0,0.0,0.0
229,5.0,2.0,47.0,environmental,en,en_49,0.0,185.0,185.0,185.0,1.0,1.0,0.0,0.0
230,5.0,2.0,48.0,issues,en,en_49,0.0,152.0,152.0,152.0,1.0,1.0,0.0,0.0
231,5.0,2.0,49.0,from,en,en_49,1.0,0.0,0.0,0.0,0.0,0.0,0.0,0.0
232,5.0,2.0,50.0,marine,en,en_49,0.0,167.0,348.0,348.0,2.0,2.0,1.0,0.0
233,5.0,2.0,51.0,"pollution,",en,en_49,0.0,444.0,444.0,444.0,1.0,1.0,0.0,0.0
234,5.0,2.0,52.0,human,en,en_49,1.0,0.0,0.0,0.0,0.0,0.0,0.0,0.0
235,5.0,2.0,53.0,"overpopulation,",en,en_49,0.0,116.0,349.0,349.0,2.0,2.0,1.0,0.0
236,5.0,2.0,54.0,and,en,en_49,0.0,170.0,170.0,170.0,1.0,1.0,0.0,0.0
237,5.0,2.0,55.0,global,en,en_49,0.0,158.0,158.0,158.0,1.0,1.0,0.0,0.0
238,5.0,2.0,56.0,warming.,en,en_49,0.0,176.0,176.0,176.0,1.0,1.0,0.0,0.0
239,5.0,3.0,57.0,WED,en,en_49,0.0,199.0,199.0,420.0,1.0,2.0,0.0,1.0
240,5.0,3.0,58.0,has,en,en_49,0.0,224.0,224.0,435.0,1.0,2.0,0.0,1.0
241,5.0,3.0,59.0,grown,en,en_49,0.0,359.0,359.0,359.0,1.0,1.0,0.0,0.0
242,5.0,3.0,60.0,to,en,en_49,0.0,176.0,176.0,176.0,1.0,1.0,0.0,0.0
243,5.0,3.0,61.0,become,en,en_49,0.0,145.0,145.0,145.0,1.0,1.0,0.0,0.0
244,5.0,3.0,62.0,a,en,en_49,0.0,140.0,140.0,140.0,1.0,1.0,0.0,0.0
245,5.0,3.0,63.0,global,en,en_49,1.0,0.0,0.0,0.0,0.0,0.0,0.0,0.0
246,5.0,3.0,64.0,platform,en,en_49,0.0,197.0,197.0,197.0,1.0,1.0,0.0,0.0
247,5.0,3.0,65.0,for,en,en_49,0.0,214.0,214.0,214.0,1.0,1.0,0.0,0.0
248,5.0,3.0,66.0,public,en,en_49,0.0,145.0,248.0,248.0,2.0,2.0,1.0,0.0
249,5.0,3.0,67.0,"outreach,",en,en_49,0.0,148.0,148.0,148.0,1.0,1.0,0.0,0.0
250,5.0,3.0,68.0,with,en,en_49,1.0,0.0,0.0,0.0,0.0,0.0,0.0,0.0
251,5.0,3.0,69.0,participation,en,en_49,0.0,126.0,324.0,324.0,2.0,2.0,1.0,0.0
252,5.0,3.0,70.0,from,en,en_49,1.0,0.0,0.0,0.0,0.0,0.0,0.0,0.0
253,5.0,3.0,71.0,over,en,en_49,0.0,248.0,248.0,248.0,1.0,1.0,0.0,0.0
254,5.0,3.0,72.0,one,en,en_49,0.0,162.0,162.0,162.0,1.0,1.0,0.0,0.0
255,5.0,3.0,73.0,hundred,en,en_49,0.0,174.0,369.0,369.0,2.0,2.0,1.0,0.0
256,5.0,3.0,74.0,countries,en,en_49,0.0,199.0,199.0,199.0,1.0,1.0,0.0,0.0
257,5.0,3.0,75.0,annually.,en,en_49,0.0,293.0,293.0,473.0,1.0,2.0,0.0,1.0
258,5.0,4.0,76.0,Each,en,en_49,1.0,0.0,0.0,0.0,0.0,0.0,0.0,0.0
259,5.0,4.0,77.0,"year,",en,en_49,0.0,346.0,346.0,346.0,1.0,1.0,0.0,0.0
260,5.0,4.0,78.0,WED,en,en_49,0.0,149.0,149.0,149.0,1.0,1.0,0.0,0.0
261,5.0,4.0,79.0,chooses,en,en_49,0.0,154.0,154.0,154.0,1.0,1.0,0.0,0.0
262,5.0,4.0,80.0,a,en,en_49,1.0,0.0,0.0,0.0,0.0,0.0,0.0,0.0
263,5.0,4.0,81.0,new,en,en_49,0.0,198.0,198.0,198.0,1.0,1.0,0.0,0.0
264,5.0,4.0,82.0,theme,en,en_49,0.0,204.0,204.0,204.0,1.0,1.0,0.0,0.0
265,5.0,4.0,83.0,that,en,en_49,1.0,0.0,0.0,0.0,0.0,0.0,0.0,0.0
266,5.0,4.0,84.0,major,en,en_49,1.0,0.0,0.0,0.0,0.0,0.0,0.0,0.0
267,5.0,4.0,85.0,"corporations,",en,en_49,0.0,251.0,251.0,251.0,1.0,1.0,0.0,0.0
268,5.0,4.0,86.0,non-,en,en_49,1.0,0.0,0.0,0.0,0.0,0.0,0.0,0.0
269,5.0,4.0,87.0,governmental,en,en_49,0.0,272.0,272.0,272.0,1.0,1.0,0.0,0.0
270,5.0,4.0,88.0,"organizations,",en,en_49,0.0,250.0,250.0,250.0,1.0,1.0,0.0,0.0
271,5.0,4.0,89.0,"communities,",en,en_49,0.0,243.0,243.0,635.0,1.0,3.0,1.0,1.0
272,5.0,4.0,90.0,governments,en,en_49,0.0,161.0,161.0,433.0,1.0,2.0,0.0,1.0
273,5.0,4.0,91.0,and,en,en_49,0.0,196.0,196.0,196.0,1.0,1.0,0.0,0.0
274,5.0,4.0,92.0,celebrities,en,en_49,0.0,204.0,204.0,376.0,1.0,2.0,0.0,1.0
275,5.0,4.0,93.0,worldwide,en,en_49,0.0,269.0,269.0,593.0,1.0,3.0,1.0,1.0
276,5.0,4.0,94.0,adopt,en,en_49,1.0,0.0,0.0,0.0,0.0,0.0,0.0,0.0
277,5.0,4.0,95.0,to,en,en_49,1.0,0.0,0.0,0.0,0.0,0.0,0.0,0.0
278,5.0,4.0,96.0,advocate,en,en_49,1.0,0.0,0.0,0.0,0.0,0.0,0.0,0.0
279,5.0,4.0,97.0,environmental,en,en_49,0.0,222.0,222.0,350.0,1.0,2.0,0.0,1.0
280,5.0,4.0,98.0,causes.,en,en_49,0.0,163.0,163.0,163.0,1.0,1.0,0.0,0.0
281,5.0,5.0,99.0,For,en,en_49,0.0,261.0,261.0,261.0,1.0,1.0,0.0,0.0
282,5.0,5.0,100.0,"example,",en,en_49,0.0,276.0,276.0,276.0,1.0,1.0,0.0,0.0
283,5.0,5.0,101.0,the,en,en_49,0.0,190.0,190.0,349.0,1.0,2.0,0.0,1.0
284,5.0,5.0,102.0,theme,en,en_49,0.0,194.0,194.0,194.0,1.0,1.0,0.0,0.0
285,5.0,5.0,103.0,for,en,en_49,1.0,0.0,0.0,0.0,0.0,0.0,0.0,0.0
286,5.0,5.0,104.0,2018,en,en_49,0.0,230.0,230.0,230.0,1.0,1.0,0.0,0.0
287,5.0,5.0,105.0,is,en,en_49,0.0,357.0,357.0,357.0,1.0,1.0,0.0,0.0
288,5.0,5.0,106.0,"""Beat",en,en_49,0.0,240.0,240.0,438.0,1.0,2.0,0.0,1.0
289,5.0,5.0,107.0,Plastic,en,en_49,0.0,174.0,174.0,1010.0,1.0,6.0,1.0,1.0
290,5.0,5.0,108.0,"Pollution"".",en,en_49,0.0,169.0,169.0,876.0,1.0,5.0,1.0,1.0
291,5.0,6.0,109.0,The,en,en_49,1.0,0.0,0.0,0.0,0.0,0.0,0.0,0.0
292,5.0,6.0,110.0,goal,en,en_49,1.0,0.0,0.0,0.0,0.0,0.0,0.0,0.0
293,5.0,6.0,111.0,is,en,en_49,0.0,210.0,210.0,210.0,1.0,1.0,0.0,0.0
294,5.0,6.0,112.0,to,en,en_49,0.0,189.0,189.0,400.0,1.0,2.0,0.0,1.0
295,5.0,6.0,113.0,encourage,en,en_49,0.0,190.0,190.0,363.0,1.0,2.0,0.0,1.0
296,5.0,6.0,114.0,people,en,en_49,1.0,0.0,0.0,0.0,0.0,0.0,0.0,0.0
297,5.0,6.0,115.0,to,en,en_49,1.0,0.0,0.0,0.0,0.0,0.0,0.0,0.0
298,5.0,6.0,116.0,change,en,en_49,0.0,373.0,373.0,373.0,1.0,1.0,0.0,0.0
299,5.0,6.0,117.0,their,en,en_49,0.0,296.0,296.0,296.0,1.0,1.0,0.0,0.0
300,5.0,6.0,118.0,everyday,en,en_49,1.0,0.0,0.0,0.0,0.0,0.0,0.0,0.0
301,5.0,6.0,119.0,habits,en,en_49,1.0,0.0,0.0,0.0,0.0,0.0,0.0,0.0
302,5.0,6.0,120.0,in,en,en_49,1.0,0.0,0.0,0.0,0.0,0.0,0.0,0.0
303,5.0,6.0,121.0,ways,en,en_49,1.0,0.0,0.0,0.0,0.0,0.0,0.0,0.0
304,5.0,6.0,122.0,which,en,en_49,1.0,0.0,0.0,0.0,0.0,0.0,0.0,0.0
305,5.0,6.0,123.0,can,en,en_49,1.0,0.0,0.0,0.0,0.0,0.0,0.0,0.0
306,5.0,6.0,124.0,reduce,en,en_49,1.0,0.0,0.0,0.0,0.0,0.0,0.0,0.0
307,5.0,6.0,125.0,plastic,en,en_49,1.0,0.0,0.0,0.0,0.0,0.0,0.0,0.0
308,5.0,6.0,126.0,pollution.,en,en_49,1.0,0.0,0.0,0.0,0.0,0.0,0.0,0.0
309,5.0,7.0,127.0,"Specifically,",en,en_49,1.0,0.0,0.0,0.0,0.0,0.0,0.0,0.0
310,5.0,7.0,128.0,the,en,en_49,1.0,0.0,0.0,0.0,0.0,0.0,0.0,0.0
311,5.0,7.0,129.0,campaign,en,en_49,1.0,0.0,0.0,0.0,0.0,0.0,0.0,0.0
312,5.0,7.0,130.0,hopes,en,en_49,1.0,0.0,0.0,0.0,0.0,0.0,0.0,0.0
313,5.0,7.0,131.0,to,en,en_49,1.0,0.0,0.0,0.0,0.0,0.0,0.0,0.0
314,5.0,7.0,132.0,reduce,en,en_49,0.0,274.0,274.0,274.0,1.0,1.0,0.0,0.0
315,5.0,7.0,133.0,the,en,en_49,0.0,136.0,136.0,136.0,1.0,1.0,0.0,0.0
316,5.0,7.0,134.0,prevalence,en,en_49,0.0,210.0,402.0,566.0,2.0,3.0,1.0,1.0
317,5.0,7.0,135.0,of,en,en_49,1.0,0.0,0.0,0.0,0.0,0.0,0.0,0.0
318,5.0,7.0,136.0,single-,en,en_49,0.0,160.0,440.0,440.0,2.0,2.0,1.0,0.0
319,5.0,7.0,137.0,use,en,en_49,1.0,0.0,0.0,0.0,0.0,0.0,0.0,0.0
320,5.0,7.0,138.0,or,en,en_49,1.0,0.0,0.0,0.0,0.0,0.0,0.0,0.0
321,5.0,7.0,139.0,disposable,en,en_49,0.0,263.0,466.0,466.0,2.0,2.0,1.0,0.0
322,5.0,7.0,140.0,plastic,en,en_49,0.0,210.0,210.0,210.0,1.0,1.0,0.0,0.0
323,5.0,7.0,141.0,"items,",en,en_49,0.0,323.0,323.0,323.0,1.0,1.0,0.0,0.0
324,5.0,7.0,142.0,as,en,en_49,1.0,0.0,0.0,0.0,0.0,0.0,0.0,0.0
325,5.0,7.0,143.0,they,en,en_49,0.0,206.0,206.0,206.0,1.0,1.0,0.0,0.0
326,5.0,7.0,144.0,have,en,en_49,1.0,0.0,0.0,0.0,0.0,0.0,0.0,0.0
327,5.0,7.0,145.0,severe,en,en_49,0.0,285.0,285.0,285.0,1.0,1.0,0.0,0.0
328,5.0,7.0,146.0,environmental,en,en_49,0.0,194.0,535.0,535.0,3.0,3.0,1.0,0.0
329,5.0,7.0,147.0,consequences.,en,en_49,1.0,0.0,0.0,0.0,0.0,0.0,0.0,0.0
330,5.0,8.0,148.0,In,en,en_49,1.0,0.0,0.0,0.0,0.0,0.0,0.0,0.0
331,5.0,8.0,149.0,response,en,en_49,0.0,244.0,244.0,244.0,1.0,1.0,0.0,0.0
332,5.0,8.0,150.0,to,en,en_49,0.0,86.0,86.0,86.0,1.0,1.0,0.0,0.0
333,5.0,8.0,151.0,this,en,en_49,0.0,196.0,196.0,196.0,1.0,1.0,0.0,0.0
334,5.0,8.0,152.0,"campaign,",en,en_49,0.0,147.0,147.0,147.0,1.0,1.0,0.0,0.0
335,5.0,8.0,153.0,the,en,en_49,1.0,0.0,0.0,0.0,0.0,0.0,0.0,0.0
336,5.0,8.0,154.0,Indian,en,en_49,0.0,181.0,181.0,181.0,1.0,1.0,0.0,0.0
337,5.0,8.0,155.0,government,en,en_49,0.0,327.0,327.0,327.0,1.0,1.0,0.0,0.0
338,5.0,8.0,156.0,has,en,en_49,1.0,0.0,0.0,0.0,0.0,0.0,0.0,0.0
339,5.0,8.0,157.0,pledged,en,en_49,0.0,160.0,160.0,160.0,1.0,1.0,0.0,0.0
340,5.0,8.0,158.0,to,en,en_49,1.0,0.0,0.0,0.0,0.0,0.0,0.0,0.0
341,5.0,8.0,159.0,eliminate,en,en_49,0.0,175.0,175.0,175.0,1.0,1.0,0.0,0.0
342,5.0,8.0,160.0,all,en,en_49,0.0,170.0,504.0,504.0,3.0,3.0,1.0,0.0
343,5.0,8.0,161.0,single-,en,en_49,1.0,0.0,0.0,0.0,0.0,0.0,0.0,0.0
344,5.0,8.0,162.0,use,en,en_49,0.0,302.0,302.0,633.0,1.0,2.0,0.0,1.0
345,5.0,8.0,163.0,plastic,en,en_49,0.0,101.0,101.0,487.0,1.0,3.0,0.0,1.0
346,5.0,8.0,164.0,in,en,en_49,1.0,0.0,0.0,0.0,0.0,0.0,0.0,0.0
347,5.0,8.0,165.0,India,en,en_49,0.0,133.0,133.0,292.0,1.0,2.0,0.0,1.0
348,5.0,8.0,166.0,by,en,en_49,0.0,140.0,140.0,140.0,1.0,1.0,0.0,0.0
349,5.0,8.0,167.0,2022.,en,en_49,0.0,167.0,167.0,2548.0,1.0,2.0,0.0,1.0
350,6.0,1.0,1.0,A,en,en_49,0.0,136.0,136.0,136.0,1.0,1.0,0.0,0.0
351,6.0,1.0,2.0,monocle,en,en_49,0.0,549.0,896.0,1489.0,2.0,4.0,1.0,1.0
352,6.0,1.0,3.0,is,en,en_49,0.0,320.0,320.0,467.0,1.0,2.0,0.0,1.0
353,6.0,1.0,4.0,a,en,en_49,1.0,0.0,0.0,0.0,0.0,0.0,0.0,0.0
354,6.0,1.0,5.0,type,en,en_49,0.0,123.0,123.0,123.0,1.0,1.0,0.0,0.0
355,6.0,1.0,6.0,of,en,en_49,1.0,0.0,0.0,0.0,0.0,0.0,0.0,0.0
356,6.0,1.0,7.0,corrective,en,en_49,0.0,253.0,427.0,619.0,2.0,3.0,1.0,1.0
357,6.0,1.0,8.0,lens,en,en_49,0.0,129.0,129.0,129.0,1.0,1.0,0.0,0.0
358,6.0,1.0,9.0,used,en,en_49,0.0,304.0,304.0,304.0,1.0,1.0,0.0,0.0
359,6.0,1.0,10.0,to,en,en_49,1.0,0.0,0.0,0.0,0.0,0.0,0.0,0.0
360,6.0,1.0,11.0,correct,en,en_49,0.0,166.0,166.0,338.0,1.0,2.0,0.0,1.0
361,6.0,1.0,12.0,or,en,en_49,0.0,124.0,124.0,124.0,1.0,1.0,0.0,0.0
362,6.0,1.0,13.0,enhance,en,en_49,0.0,189.0,189.0,189.0,1.0,1.0,0.0,0.0
363,6.0,1.0,14.0,the,en,en_49,0.0,196.0,196.0,196.0,1.0,1.0,0.0,0.0
364,6.0,1.0,15.0,vision,en,en_49,1.0,0.0,0.0,0.0,0.0,0.0,0.0,0.0
365,6.0,1.0,16.0,in,en,en_49,0.0,209.0,209.0,209.0,1.0,1.0,0.0,0.0
366,6.0,1.0,17.0,only,en,en_49,0.0,128.0,128.0,128.0,1.0,1.0,0.0,0.0
367,6.0,1.0,18.0,one,en,en_49,1.0,0.0,0.0,0.0,0.0,0.0,0.0,0.0
368,6.0,1.0,19.0,eye.,en,en_49,0.0,176.0,176.0,176.0,1.0,1.0,0.0,0.0
369,6.0,2.0,20.0,It,en,en_49,1.0,0.0,0.0,0.0,0.0,0.0,0.0,0.0
370,6.0,2.0,21.0,consists,en,en_49,0.0,103.0,103.0,103.0,1.0,1.0,0.0,0.0
371,6.0,2.0,22.0,of,en,en_49,1.0,0.0,0.0,0.0,0.0,0.0,0.0,0.0
372,6.0,2.0,23.0,a,en,en_49,1.0,0.0,0.0,0.0,0.0,0.0,0.0,0.0
373,6.0,2.0,24.0,circular,en,en_49,0.0,90.0,353.0,353.0,2.0,2.0,1.0,0.0
374,6.0,2.0,25.0,"lens,",en,en_49,0.0,212.0,212.0,212.0,1.0,1.0,0.0,0.0
375,6.0,2.0,26.0,generally,en,en_49,0.0,183.0,183.0,183.0,1.0,1.0,0.0,0.0
376,6.0,2.0,27.0,with,en,en_49,0.0,155.0,155.0,155.0,1.0,1.0,0.0,0.0
377,6.0,2.0,28.0,a,en,en_49,1.0,0.0,0.0,0.0,0.0,0.0,0.0,0.0
378,6.0,2.0,29.0,wire,en,en_49,0.0,188.0,188.0,188.0,1.0,1.0,0.0,0.0
379,6.0,2.0,30.0,ring,en,en_49,0.0,203.0,203.0,203.0,1.0,1.0,0.0,0.0
380,6.0,2.0,31.0,around,en,en_49,0.0,158.0,158.0,158.0,1.0,1.0,0.0,0.0
381,6.0,2.0,32.0,the,en,en_49,1.0,0.0,0.0,0.0,0.0,0.0,0.0,0.0
382,6.0,2.0,33.0,circumference,en,en_49,0.0,189.0,189.0,189.0,1.0,1.0,0.0,0.0
383,6.0,2.0,34.0,that,en,en_49,0.0,216.0,216.0,216.0,1.0,1.0,0.0,0.0
384,6.0,2.0,35.0,can,en,en_49,0.0,163.0,163.0,163.0,1.0,1.0,0.0,0.0
385,6.0,2.0,36.0,be,en,en_49,1.0,0.0,0.0,0.0,0.0,0.0,0.0,0.0
386,6.0,2.0,37.0,attached,en,en_49,0.0,157.0,157.0,157.0,1.0,1.0,0.0,0.0
387,6.0,2.0,38.0,to,en,en_49,1.0,0.0,0.0,0.0,0.0,0.0,0.0,0.0
388,6.0,2.0,39.0,a,en,en_49,0.0,129.0,129.0,129.0,1.0,1.0,0.0,0.0
389,6.0,2.0,40.0,string,en,en_49,0.0,156.0,156.0,156.0,1.0,1.0,0.0,0.0
390,6.0,2.0,41.0,or,en,en_49,1.0,0.0,0.0,0.0,0.0,0.0,0.0,0.0
391,6.0,2.0,42.0,wire.,en,en_49,1.0,0.0,0.0,0.0,0.0,0.0,0.0,0.0
392,6.0,3.0,43.0,The,en,en_49,1.0,0.0,0.0,0.0,0.0,0.0,0.0,0.0
393,6.0,3.0,44.0,other,en,en_49,0.0,219.0,219.0,407.0,1.0,2.0,0.0,1.0
394,6.0,3.0,45.0,end,en,en_49,0.0,115.0,115.0,205.0,1.0,2.0,0.0,1.0
395,6.0,3.0,46.0,of,en,en_49,0.0,170.0,170.0,170.0,1.0,1.0,0.0,0.0
396,6.0,3.0,47.0,the,en,en_49,1.0,0.0,0.0,0.0,0.0,0.0,0.0,0.0
397,6.0,3.0,48.0,string,en,en_49,0.0,142.0,142.0,142.0,1.0,1.0,0.0,0.0
398,6.0,3.0,49.0,is,en,en_49,1.0,0.0,0.0,0.0,0.0,0.0,0.0,0.0
399,6.0,3.0,50.0,then,en,en_49,0.0,277.0,277.0,277.0,1.0,1.0,0.0,0.0
400,6.0,3.0,51.0,connected,en,en_49,0.0,167.0,167.0,167.0,1.0,1.0,0.0,0.0
401,6.0,3.0,52.0,to,en,en_49,1.0,0.0,0.0,0.0,0.0,0.0,0.0,0.0
402,6.0,3.0,53.0,the,en,en_49,0.0,190.0,190.0,190.0,1.0,1.0,0.0,0.0
403,6.0,3.0,54.0,wearer's,en,en_49,1.0,0.0,0.0,0.0,0.0,0.0,0.0,0.0
404,6.0,3.0,55.0,clothing,en,en_49,0.0,351.0,351.0,351.0,1.0,1.0,0.0,0.0
405,6.0,3.0,56.0,to,en,en_49,0.0,171.0,171.0,171.0,1.0,1.0,0.0,0.0
406,6.0,3.0,57.0,avoid,en,en_49,0.0,163.0,163.0,163.0,1.0,1.0,0.0,0.0
407,6.0,3.0,58.0,losing,en,en_49,0.0,208.0,208.0,208.0,1.0,1.0,0.0,0.0
408,6.0,3.0,59.0,the,en,en_49,0.0,198.0,198.0,198.0,1.0,1.0,0.0,0.0
409,6.0,3.0,60.0,monocle.,en,en_49,0.0,212.0,323.0,323.0,2.0,2.0,1.0,0.0
410,6.0,4.0,61.0,During,en,en_49,1.0,0.0,0.0,0.0,0.0,0.0,0.0,0.0
411,6.0,4.0,62.0,the,en,en_49,1.0,0.0,0.0,0.0,0.0,0.0,0.0,0.0
412,6.0,4.0,63.0,late,en,en_49,1.0,0.0,0.0,0.0,0.0,0.0,0.0,0.0
413,6.0,4.0,64.0,nineteenth,en,en_49,0.0,97.0,491.0,491.0,2.0,2.0,1.0,0.0
414,6.0,4.0,65.0,"century,",en,en_49,0.0,139.0,139.0,139.0,1.0,1.0,0.0,0.0
415,6.0,4.0,66.0,the,en,en_49,1.0,0.0,0.0,0.0,0.0,0.0,0.0,0.0
416,6.0,4.0,67.0,monocle,en,en_49,0.0,196.0,196.0,196.0,1.0,1.0,0.0,0.0
417,6.0,4.0,68.0,was,en,en_49,0.0,165.0,165.0,165.0,1.0,1.0,0.0,0.0
418,6.0,4.0,69.0,generally,en,en_49,1.0,0.0,0.0,0.0,0.0,0.0,0.0,0.0
419,6.0,4.0,70.0,associated,en,en_49,0.0,194.0,194.0,194.0,1.0,1.0,0.0,0.0
420,6.0,4.0,71.0,with,en,en_49,0.0,147.0,147.0,147.0,1.0,1.0,0.0,0.0
421,6.0,4.0,72.0,"wealthy,",en,en_49,0.0,131.0,131.0,131.0,1.0,1.0,0.0,0.0
422,6.0,4.0,73.0,upper-,en,en_49,0.0,162.0,439.0,439.0,2.0,2.0,1.0,0.0
423,6.0,4.0,74.0,class,en,en_49,1.0,0.0,0.0,0.0,0.0,0.0,0.0,0.0
424,6.0,4.0,75.0,men.,en,en_49,0.0,464.0,464.0,464.0,1.0,1.0,0.0,0.0
425,6.0,5.0,76.0,Combined,en,en_49,0.0,159.0,159.0,159.0,1.0,1.0,0.0,0.0
426,6.0,5.0,77.0,with,en,en_49,0.0,192.0,192.0,192.0,1.0,1.0,0.0,0.0
427,6.0,5.0,78.0,a,en,en_49,1.0,0.0,0.0,0.0,0.0,0.0,0.0,0.0
428,6.0,5.0,79.0,long,en,en_49,1.0,0.0,0.0,0.0,0.0,0.0,0.0,0.0
429,6.0,5.0,80.0,coat,en,en_49,0.0,201.0,201.0,201.0,1.0,1.0,0.0,0.0
430,6.0,5.0,81.0,and,en,en_49,1.0,0.0,0.0,0.0,0.0,0.0,0.0,0.0
431,6.0,5.0,82.0,a,en,en_49,0.0,105.0,105.0,105.0,1.0,1.0,0.0,0.0
432,6.0,5.0,83.0,top,en,en_49,0.0,436.0,436.0,436.0,1.0,1.0,0.0,0.0
433,6.0,5.0,84.0,"hat,",en,en_49,1.0,0.0,0.0,0.0,0.0,0.0,0.0,0.0
434,6.0,5.0,85.0,the,en,en_49,1.0,0.0,0.0,0.0,0.0,0.0,0.0,0.0
435,6.0,5.0,86.0,monocle,en,en_49,0.0,170.0,170.0,367.0,1.0,2.0,0.0,1.0
436,6.0,5.0,87.0,completed,en,en_49,0.0,275.0,469.0,469.0,2.0,2.0,1.0,0.0
437,6.0,5.0,88.0,the,en,en_49,1.0,0.0,0.0,0.0,0.0,0.0,0.0,0.0
438,6.0,5.0,89.0,costume,en,en_49,0.0,192.0,192.0,192.0,1.0,1.0,0.0,0.0
439,6.0,5.0,90.0,of,en,en_49,1.0,0.0,0.0,0.0,0.0,0.0,0.0,0.0
440,6.0,5.0,91.0,the,en,en_49,0.0,148.0,148.0,148.0,1.0,1.0,0.0,0.0
441,6.0,5.0,92.0,stereotypical,en,en_49,0.0,199.0,199.0,199.0,1.0,1.0,0.0,0.0
442,6.0,5.0,93.0,late,en,en_49,0.0,144.0,144.0,144.0,1.0,1.0,0.0,0.0
443,6.0,5.0,94.0,nineteenth,en,en_49,0.0,131.0,131.0,131.0,1.0,1.0,0.0,0.0
444,6.0,5.0,95.0,century,en,en_49,0.0,169.0,551.0,551.0,3.0,3.0,1.0,0.0
445,6.0,5.0,96.0,capitalist.,en,en_49,1.0,0.0,0.0,0.0,0.0,0.0,0.0,0.0
446,6.0,6.0,97.0,Monocles,en,en_49,0.0,176.0,176.0,545.0,1.0,2.0,0.0,1.0
447,6.0,6.0,98.0,were,en,en_49,0.0,135.0,135.0,135.0,1.0,1.0,0.0,0.0
448,6.0,6.0,99.0,also,en,en_49,0.0,252.0,252.0,252.0,1.0,1.0,0.0,0.0
449,6.0,6.0,100.0,accessories,en,en_49,0.0,201.0,201.0,464.0,1.0,2.0,0.0,1.0
450,6.0,6.0,101.0,of,en,en_49,0.0,166.0,166.0,166.0,1.0,1.0,0.0,0.0
451,6.0,6.0,102.0,military,en,en_49,0.0,149.0,149.0,149.0,1.0,1.0,0.0,0.0
452,6.0,6.0,103.0,officers,en,en_49,0.0,220.0,326.0,326.0,2.0,2.0,1.0,0.0
453,6.0,6.0,104.0,from,en,en_49,0.0,174.0,174.0,174.0,1.0,1.0,0.0,0.0
454,6.0,6.0,105.0,this,en,en_49,0.0,267.0,267.0,267.0,1.0,1.0,0.0,0.0
455,6.0,6.0,106.0,period.,en,en_49,0.0,198.0,198.0,198.0,1.0,1.0,0.0,0.0
456,6.0,7.0,107.0,Despite,en,en_49,1.0,0.0,0.0,0.0,0.0,0.0,0.0,0.0
457,6.0,7.0,108.0,their,en,en_49,0.0,187.0,187.0,187.0,1.0,1.0,0.0,0.0
458,6.0,7.0,109.0,prevalence,en,en_49,0.0,253.0,473.0,473.0,2.0,2.0,1.0,0.0
459,6.0,7.0,110.0,in,en,en_49,1.0,0.0,0.0,0.0,0.0,0.0,0.0,0.0
460,6.0,7.0,111.0,the,en,en_49,1.0,0.0,0.0,0.0,0.0,0.0,0.0,0.0
461,6.0,7.0,112.0,late,en,en_49,1.0,0.0,0.0,0.0,0.0,0.0,0.0,0.0
462,6.0,7.0,113.0,nineteenth,en,en_49,0.0,349.0,706.0,706.0,2.0,2.0,1.0,0.0
463,6.0,7.0,114.0,"century,",en,en_49,0.0,110.0,110.0,110.0,1.0,1.0,0.0,0.0
464,6.0,7.0,115.0,monocles,en,en_49,0.0,232.0,232.0,232.0,1.0,1.0,0.0,0.0
465,6.0,7.0,116.0,are,en,en_49,0.0,163.0,163.0,319.0,1.0,2.0,0.0,1.0
466,6.0,7.0,117.0,rarely,en,en_49,0.0,118.0,118.0,618.0,1.0,3.0,0.0,1.0
467,6.0,7.0,118.0,worn,en,en_49,0.0,212.0,212.0,212.0,1.0,1.0,0.0,0.0
468,6.0,7.0,119.0,today.,en,en_49,1.0,0.0,0.0,0.0,0.0,0.0,0.0,0.0
469,6.0,8.0,120.0,This,en,en_49,0.0,188.0,188.0,188.0,1.0,1.0,0.0,0.0
470,6.0,8.0,121.0,is,en,en_49,0.0,275.0,275.0,275.0,1.0,1.0,0.0,0.0
471,6.0,8.0,122.0,due,en,en_49,0.0,195.0,195.0,334.0,1.0,2.0,0.0,1.0
472,6.0,8.0,123.0,in,en,en_49,1.0,0.0,0.0,0.0,0.0,0.0,0.0,0.0
473,6.0,8.0,124.0,large,en,en_49,0.0,126.0,126.0,288.0,1.0,2.0,0.0,1.0
474,6.0,8.0,125.0,part,en,en_49,0.0,241.0,241.0,241.0,1.0,1.0,0.0,0.0
475,6.0,8.0,126.0,to,en,en_49,0.0,200.0,200.0,200.0,1.0,1.0,0.0,0.0
476,6.0,8.0,127.0,advances,en,en_49,0.0,187.0,187.0,721.0,1.0,4.0,1.0,1.0
477,6.0,8.0,128.0,in,en,en_49,0.0,94.0,94.0,94.0,1.0,1.0,0.0,0.0
478,6.0,8.0,129.0,"optometry,",en,en_49,0.0,170.0,170.0,170.0,1.0,1.0,0.0,0.0
479,6.0,8.0,130.0,which,en,en_49,1.0,0.0,0.0,0.0,0.0,0.0,0.0,0.0
480,6.0,8.0,131.0,allow,en,en_49,0.0,196.0,196.0,196.0,1.0,1.0,0.0,0.0
481,6.0,8.0,132.0,for,en,en_49,0.0,128.0,128.0,128.0,1.0,1.0,0.0,0.0
482,6.0,8.0,133.0,better,en,en_49,0.0,204.0,204.0,309.0,1.0,2.0,0.0,1.0
483,6.0,8.0,134.0,measurement,en,en_49,0.0,154.0,312.0,312.0,2.0,2.0,1.0,0.0
484,6.0,8.0,135.0,of,en,en_49,1.0,0.0,0.0,0.0,0.0,0.0,0.0,0.0
485,6.0,8.0,136.0,refractive,en,en_49,1.0,0.0,0.0,0.0,0.0,0.0,0.0,0.0
486,6.0,8.0,137.0,"error,",en,en_49,1.0,0.0,0.0,0.0,0.0,0.0,0.0,0.0
487,6.0,8.0,138.0,so,en,en_49,1.0,0.0,0.0,0.0,0.0,0.0,0.0,0.0
488,6.0,8.0,139.0,that,en,en_49,1.0,0.0,0.0,0.0,0.0,0.0,0.0,0.0
489,6.0,8.0,140.0,glasses,en,en_49,1.0,0.0,0.0,0.0,0.0,0.0,0.0,0.0
490,6.0,8.0,141.0,and,en,en_49,1.0,0.0,0.0,0.0,0.0,0.0,0.0,0.0
491,6.0,8.0,142.0,contact,en,en_49,1.0,0.0,0.0,0.0,0.0,0.0,0.0,0.0
492,6.0,8.0,143.0,lenses,en,en_49,1.0,0.0,0.0,0.0,0.0,0.0,0.0,0.0
493,6.0,8.0,144.0,can,en,en_49,1.0,0.0,0.0,0.0,0.0,0.0,0.0,0.0
494,6.0,8.0,145.0,be,en,en_49,1.0,0.0,0.0,0.0,0.0,0.0,0.0,0.0
495,6.0,8.0,146.0,prescribed,en,en_49,0.0,139.0,345.0,345.0,2.0,2.0,1.0,0.0
496,6.0,8.0,147.0,with,en,en_49,1.0,0.0,0.0,0.0,0.0,0.0,0.0,0.0
497,6.0,8.0,148.0,different,en,en_49,0.0,296.0,296.0,296.0,1.0,1.0,0.0,0.0
498,6.0,8.0,149.0,strengths,en,en_49,0.0,201.0,201.0,201.0,1.0,1.0,0.0,0.0
499,6.0,8.0,150.0,in,en,en_49,0.0,150.0,150.0,150.0,1.0,1.0,0.0,0.0
500,6.0,8.0,151.0,each,en,en_49,1.0,0.0,0.0,0.0,0.0,0.0,0.0,0.0
501,6.0,8.0,152.0,eye.,en,en_49,1.0,0.0,0.0,0.0,0.0,0.0,0.0,0.0
502,7.0,1.0,1.0,Wine,en,en_49,0.0,125.0,125.0,125.0,1.0,1.0,0.0,0.0
503,7.0,1.0,2.0,tasting,en,en_49,0.0,350.0,509.0,657.0,2.0,3.0,1.0,1.0
504,7.0,1.0,3.0,is,en,en_49,1.0,0.0,0.0,0.0,0.0,0.0,0.0,0.0
505,7.0,1.0,4.0,the,en,en_49,0.0,167.0,167.0,167.0,1.0,1.0,0.0,0.0
506,7.0,1.0,5.0,sensory,en,en_49,0.0,286.0,461.0,571.0,2.0,3.0,1.0,1.0
507,7.0,1.0,6.0,examination,en,en_49,0.0,284.0,284.0,507.0,1.0,2.0,0.0,1.0
508,7.0,1.0,7.0,and,en,en_49,0.0,546.0,546.0,653.0,1.0,2.0,0.0,1.0
509,7.0,1.0,8.0,evaluation,en,en_49,0.0,300.0,300.0,435.0,1.0,2.0,0.0,1.0
510,7.0,1.0,9.0,of,en,en_49,0.0,176.0,176.0,176.0,1.0,1.0,0.0,0.0
511,7.0,1.0,10.0,wine.,en,en_49,0.0,179.0,382.0,382.0,2.0,2.0,1.0,0.0
512,7.0,2.0,11.0,While,en,en_49,0.0,274.0,274.0,274.0,1.0,1.0,0.0,0.0
513,7.0,2.0,12.0,the,en,en_49,0.0,196.0,196.0,196.0,1.0,1.0,0.0,0.0
514,7.0,2.0,13.0,practice,en,en_49,0.0,260.0,260.0,260.0,1.0,1.0,0.0,0.0
515,7.0,2.0,14.0,of,en,en_49,0.0,209.0,209.0,209.0,1.0,1.0,0.0,0.0
516,7.0,2.0,15.0,wine,en,en_49,0.0,154.0,154.0,154.0,1.0,1.0,0.0,0.0
517,7.0,2.0,16.0,tasting,en,en_49,1.0,0.0,0.0,0.0,0.0,0.0,0.0,0.0
518,7.0,2.0,17.0,is,en,en_49,1.0,0.0,0.0,0.0,0.0,0.0,0.0,0.0
519,7.0,2.0,18.0,as,en,en_49,0.0,190.0,190.0,190.0,1.0,1.0,0.0,0.0
520,7.0,2.0,19.0,ancient,en,en_49,1.0,0.0,0.0,0.0,0.0,0.0,0.0,0.0
521,7.0,2.0,20.0,as,en,en_49,1.0,0.0,0.0,0.0,0.0,0.0,0.0,0.0
522,7.0,2.0,21.0,its,en,en_49,0.0,118.0,255.0,255.0,2.0,2.0,1.0,0.0
523,7.0,2.0,22.0,"production,",en,en_49,0.0,173.0,173.0,173.0,1.0,1.0,0.0,0.0
524,7.0,2.0,23.0,a,en,en_49,1.0,0.0,0.0,0.0,0.0,0.0,0.0,0.0
525,7.0,2.0,24.0,more,en,en_49,0.0,203.0,203.0,347.0,1.0,2.0,0.0,1.0
526,7.0,2.0,25.0,formalized,en,en_49,0.0,278.0,278.0,278.0,1.0,1.0,0.0,0.0
527,7.0,2.0,26.0,methodology,en,en_49,0.0,219.0,219.0,219.0,1.0,1.0,0.0,0.0
528,7.0,2.0,27.0,has,en,en_49,0.0,162.0,162.0,162.0,1.0,1.0,0.0,0.0
529,7.0,2.0,28.0,slowly,en,en_49,1.0,0.0,0.0,0.0,0.0,0.0,0.0,0.0
530,7.0,2.0,29.0,become,en,en_49,0.0,161.0,161.0,161.0,1.0,1.0,0.0,0.0
531,7.0,2.0,30.0,established,en,en_49,0.0,161.0,161.0,161.0,1.0,1.0,0.0,0.0
532,7.0,2.0,31.0,from,en,en_49,0.0,171.0,171.0,171.0,1.0,1.0,0.0,0.0
533,7.0,2.0,32.0,the,en,en_49,0.0,174.0,174.0,174.0,1.0,1.0,0.0,0.0
534,7.0,2.0,33.0,late,en,en_49,1.0,0.0,0.0,0.0,0.0,0.0,0.0,0.0
535,7.0,2.0,34.0,middle,en,en_49,0.0,225.0,225.0,225.0,1.0,1.0,0.0,0.0
536,7.0,2.0,35.0,ages,en,en_49,0.0,188.0,188.0,188.0,1.0,1.0,0.0,0.0
537,7.0,2.0,36.0,onwards.,en,en_49,0.0,148.0,148.0,148.0,1.0,1.0,0.0,0.0
538,7.0,3.0,37.0,"Modern,",en,en_49,0.0,437.0,437.0,437.0,1.0,1.0,0.0,0.0
539,7.0,3.0,38.0,professional,en,en_49,0.0,101.0,101.0,447.0,1.0,2.0,0.0,1.0
540,7.0,3.0,39.0,wine,en,en_49,0.0,291.0,291.0,291.0,1.0,1.0,0.0,0.0
541,7.0,3.0,40.0,tasters,en,en_49,0.0,191.0,191.0,191.0,1.0,1.0,0.0,0.0
542,7.0,3.0,41.0,use,en,en_49,0.0,301.0,301.0,301.0,1.0,1.0,0.0,0.0
543,7.0,3.0,42.0,a,en,en_49,0.0,166.0,166.0,166.0,1.0,1.0,0.0,0.0
544,7.0,3.0,43.0,constantly,en,en_49,0.0,240.0,719.0,719.0,2.0,2.0,1.0,0.0
545,7.0,3.0,44.0,evolving,en,en_49,0.0,618.0,797.0,797.0,2.0,2.0,1.0,0.0
546,7.0,3.0,45.0,specialized,en,en_49,0.0,217.0,490.0,490.0,2.0,2.0,1.0,0.0
547,7.0,3.0,46.0,terminology,en,en_49,0.0,221.0,221.0,221.0,1.0,1.0,0.0,0.0
548,7.0,3.0,47.0,which,en,en_49,0.0,191.0,191.0,768.0,1.0,3.0,1.0,1.0
549,7.0,3.0,48.0,is,en,en_49,1.0,0.0,0.0,0.0,0.0,0.0,0.0,0.0
550,7.0,3.0,49.0,used,en,en_49,0.0,282.0,282.0,515.0,1.0,2.0,0.0,1.0
551,7.0,3.0,50.0,to,en,en_49,0.0,130.0,130.0,130.0,1.0,1.0,0.0,0.0
552,7.0,3.0,51.0,describe,en,en_49,1.0,0.0,0.0,0.0,0.0,0.0,0.0,0.0
553,7.0,3.0,52.0,the,en,en_49,1.0,0.0,0.0,0.0,0.0,0.0,0.0,0.0
554,7.0,3.0,53.0,range,en,en_49,0.0,282.0,282.0,282.0,1.0,1.0,0.0,0.0
555,7.0,3.0,54.0,of,en,en_49,0.0,132.0,132.0,132.0,1.0,1.0,0.0,0.0
556,7.0,3.0,55.0,perceived,en,en_49,0.0,202.0,459.0,459.0,2.0,2.0,1.0,0.0
557,7.0,3.0,56.0,"flavors,",en,en_49,0.0,75.0,75.0,224.0,1.0,2.0,0.0,1.0
558,7.0,3.0,57.0,aromas,en,en_49,0.0,256.0,256.0,256.0,1.0,1.0,0.0,0.0
559,7.0,3.0,58.0,and,en,en_49,0.0,218.0,218.0,218.0,1.0,1.0,0.0,0.0
560,7.0,3.0,59.0,general,en,en_49,0.0,282.0,282.0,282.0,1.0,1.0,0.0,0.0
561,7.0,3.0,60.0,characteristics,en,en_49,0.0,360.0,360.0,582.0,1.0,2.0,0.0,1.0
562,7.0,3.0,61.0,of,en,en_49,0.0,202.0,202.0,202.0,1.0,1.0,0.0,0.0
563,7.0,3.0,62.0,a,en,en_49,0.0,302.0,302.0,302.0,1.0,1.0,0.0,0.0
564,7.0,3.0,63.0,wine.,en,en_49,1.0,0.0,0.0,0.0,0.0,0.0,0.0,0.0
565,7.0,4.0,64.0,In,en,en_49,0.0,219.0,219.0,219.0,1.0,1.0,0.0,0.0
566,7.0,4.0,65.0,recent,en,en_49,0.0,128.0,128.0,128.0,1.0,1.0,0.0,0.0
567,7.0,4.0,66.0,"years,",en,en_49,0.0,428.0,428.0,428.0,1.0,1.0,0.0,0.0
568,7.0,4.0,67.0,results,en,en_49,0.0,335.0,335.0,335.0,1.0,1.0,0.0,0.0
569,7.0,4.0,68.0,challenging,en,en_49,1.0,0.0,0.0,0.0,0.0,0.0,0.0,0.0
570,7.0,4.0,69.0,the,en,en_49,1.0,0.0,0.0,0.0,0.0,0.0,0.0,0.0
571,7.0,4.0,70.0,reliability,en,en_49,0.0,379.0,379.0,379.0,1.0,1.0,0.0,0.0
572,7.0,4.0,71.0,of,en,en_49,0.0,69.0,69.0,225.0,1.0,2.0,0.0,1.0
573,7.0,4.0,72.0,wine,en,en_49,0.0,162.0,162.0,162.0,1.0,1.0,0.0,0.0
574,7.0,4.0,73.0,tasting,en,en_49,0.0,168.0,168.0,168.0,1.0,1.0,0.0,0.0
575,7.0,4.0,74.0,in,en,en_49,0.0,323.0,323.0,323.0,1.0,1.0,0.0,0.0
576,7.0,4.0,75.0,both,en,en_49,0.0,151.0,151.0,151.0,1.0,1.0,0.0,0.0
577,7.0,4.0,76.0,experts,en,en_49,0.0,385.0,385.0,385.0,1.0,1.0,0.0,0.0
578,7.0,4.0,77.0,and,en,en_49,0.0,254.0,254.0,432.0,1.0,2.0,0.0,1.0
579,7.0,4.0,78.0,consumers,en,en_49,0.0,172.0,172.0,172.0,1.0,1.0,0.0,0.0
580,7.0,4.0,79.0,have,en,en_49,0.0,280.0,280.0,280.0,1.0,1.0,0.0,0.0
581,7.0,4.0,80.0,surfaced.,en,en_49,1.0,0.0,0.0,0.0,0.0,0.0,0.0,0.0
582,7.0,5.0,81.0,For,en,en_49,0.0,242.0,242.0,242.0,1.0,1.0,0.0,0.0
583,7.0,5.0,82.0,"example,",en,en_49,0.0,272.0,272.0,272.0,1.0,1.0,0.0,0.0
584,7.0,5.0,83.0,studies,en,en_49,0.0,159.0,338.0,338.0,2.0,2.0,1.0,0.0
585,7.0,5.0,84.0,showed,en,en_49,0.0,245.0,245.0,245.0,1.0,1.0,0.0,0.0
586,7.0,5.0,85.0,that,en,en_49,1.0,0.0,0.0,0.0,0.0,0.0,0.0,0.0
587,7.0,5.0,86.0,people,en,en_49,0.0,364.0,364.0,771.0,1.0,2.0,0.0,1.0
588,7.0,5.0,87.0,expect,en,en_49,0.0,110.0,110.0,1052.0,1.0,5.0,0.0,1.0
589,7.0,5.0,88.0,more,en,en_49,0.0,386.0,386.0,386.0,1.0,1.0,0.0,0.0
590,7.0,5.0,89.0,expensive,en,en_49,0.0,205.0,205.0,1337.0,1.0,6.0,1.0,1.0
591,7.0,5.0,90.0,wine,en,en_49,0.0,164.0,164.0,399.0,1.0,2.0,0.0,1.0
592,7.0,5.0,91.0,to,en,en_49,0.0,211.0,211.0,211.0,1.0,1.0,0.0,0.0
593,7.0,5.0,92.0,have,en,en_49,0.0,290.0,290.0,800.0,1.0,3.0,0.0,1.0
594,7.0,5.0,93.0,more,en,en_49,0.0,278.0,278.0,1520.0,1.0,4.0,1.0,1.0
595,7.0,5.0,94.0,desirable,en,en_49,0.0,204.0,204.0,427.0,1.0,2.0,0.0,1.0
596,7.0,5.0,95.0,characteristics,en,en_49,0.0,245.0,245.0,1675.0,1.0,7.0,1.0,1.0
597,7.0,5.0,96.0,than,en,en_49,0.0,276.0,733.0,733.0,3.0,3.0,1.0,0.0
598,7.0,5.0,97.0,less,en,en_49,0.0,217.0,217.0,217.0,1.0,1.0,0.0,0.0
599,7.0,5.0,98.0,expensive,en,en_49,0.0,205.0,354.0,354.0,2.0,2.0,1.0,0.0
600,7.0,5.0,99.0,wine:,en,en_49,0.0,239.0,239.0,239.0,1.0,1.0,0.0,0.0
601,7.0,5.0,100.0,When,en,en_49,0.0,266.0,266.0,266.0,1.0,1.0,0.0,0.0
602,7.0,5.0,101.0,tasters,en,en_49,1.0,0.0,0.0,0.0,0.0,0.0,0.0,0.0
603,7.0,5.0,102.0,are,en,en_49,1.0,0.0,0.0,0.0,0.0,0.0,0.0,0.0
604,7.0,5.0,103.0,given,en,en_49,1.0,0.0,0.0,0.0,0.0,0.0,0.0,0.0
605,7.0,5.0,104.0,wine,en,en_49,1.0,0.0,0.0,0.0,0.0,0.0,0.0,0.0
606,7.0,5.0,105.0,that,en,en_49,1.0,0.0,0.0,0.0,0.0,0.0,0.0,0.0
607,7.0,5.0,106.0,they,en,en_49,1.0,0.0,0.0,0.0,0.0,0.0,0.0,0.0
608,7.0,5.0,107.0,are,en,en_49,1.0,0.0,0.0,0.0,0.0,0.0,0.0,0.0
609,7.0,5.0,108.0,falsely,en,en_49,1.0,0.0,0.0,0.0,0.0,0.0,0.0,0.0
610,7.0,5.0,109.0,told,en,en_49,1.0,0.0,0.0,0.0,0.0,0.0,0.0,0.0
611,7.0,5.0,110.0,is,en,en_49,1.0,0.0,0.0,0.0,0.0,0.0,0.0,0.0
612,7.0,5.0,111.0,expensive,en,en_49,1.0,0.0,0.0,0.0,0.0,0.0,0.0,0.0
613,7.0,5.0,112.0,they,en,en_49,1.0,0.0,0.0,0.0,0.0,0.0,0.0,0.0
614,7.0,5.0,113.0,virtually,en,en_49,1.0,0.0,0.0,0.0,0.0,0.0,0.0,0.0
615,7.0,5.0,114.0,always,en,en_49,0.0,156.0,156.0,156.0,1.0,1.0,0.0,0.0
616,7.0,5.0,115.0,report,en,en_49,0.0,167.0,167.0,167.0,1.0,1.0,0.0,0.0
617,7.0,5.0,116.0,it,en,en_49,1.0,0.0,0.0,0.0,0.0,0.0,0.0,0.0
618,7.0,5.0,117.0,as,en,en_49,0.0,226.0,226.0,226.0,1.0,1.0,0.0,0.0
619,7.0,5.0,118.0,tasting,en,en_49,0.0,191.0,191.0,191.0,1.0,1.0,0.0,0.0
620,7.0,5.0,119.0,better,en,en_49,0.0,142.0,288.0,288.0,2.0,2.0,1.0,0.0
621,7.0,5.0,120.0,than,en,en_49,1.0,0.0,0.0,0.0,0.0,0.0,0.0,0.0
622,7.0,5.0,121.0,the,en,en_49,1.0,0.0,0.0,0.0,0.0,0.0,0.0,0.0
623,7.0,5.0,122.0,very,en,en_49,1.0,0.0,0.0,0.0,0.0,0.0,0.0,0.0
624,7.0,5.0,123.0,same,en,en_49,0.0,235.0,235.0,235.0,1.0,1.0,0.0,0.0
625,7.0,5.0,124.0,wine,en,en_49,0.0,123.0,123.0,214.0,1.0,2.0,0.0,1.0
626,7.0,5.0,125.0,when,en,en_49,1.0,0.0,0.0,0.0,0.0,0.0,0.0,0.0
627,7.0,5.0,126.0,they,en,en_49,1.0,0.0,0.0,0.0,0.0,0.0,0.0,0.0
628,7.0,5.0,127.0,are,en,en_49,0.0,183.0,183.0,183.0,1.0,1.0,0.0,0.0
629,7.0,5.0,128.0,told,en,en_49,1.0,0.0,0.0,0.0,0.0,0.0,0.0,0.0
630,7.0,5.0,129.0,that,en,en_49,0.0,166.0,166.0,166.0,1.0,1.0,0.0,0.0
631,7.0,5.0,130.0,it,en,en_49,1.0,0.0,0.0,0.0,0.0,0.0,0.0,0.0
632,7.0,5.0,131.0,is,en,en_49,1.0,0.0,0.0,0.0,0.0,0.0,0.0,0.0
633,7.0,5.0,132.0,inexpensive.,en,en_49,0.0,161.0,161.0,161.0,1.0,1.0,0.0,0.0
634,7.0,6.0,133.0,Other,en,en_49,1.0,0.0,0.0,0.0,0.0,0.0,0.0,0.0
635,7.0,6.0,134.0,studies,en,en_49,0.0,204.0,204.0,204.0,1.0,1.0,0.0,0.0
636,7.0,6.0,135.0,show,en,en_49,1.0,0.0,0.0,0.0,0.0,0.0,0.0,0.0
637,7.0,6.0,136.0,that,en,en_49,0.0,163.0,163.0,163.0,1.0,1.0,0.0,0.0
638,7.0,6.0,137.0,tasters',en,en_49,0.0,91.0,197.0,197.0,2.0,2.0,1.0,0.0
639,7.0,6.0,138.0,judgment,en,en_49,0.0,330.0,330.0,330.0,1.0,1.0,0.0,0.0
640,7.0,6.0,139.0,can,en,en_49,1.0,0.0,0.0,0.0,0.0,0.0,0.0,0.0
641,7.0,6.0,140.0,be,en,en_49,1.0,0.0,0.0,0.0,0.0,0.0,0.0,0.0
642,7.0,6.0,141.0,prejudiced,en,en_49,0.0,228.0,228.0,228.0,1.0,1.0,0.0,0.0
643,7.0,6.0,142.0,by,en,en_49,1.0,0.0,0.0,0.0,0.0,0.0,0.0,0.0
644,7.0,6.0,143.0,knowing,en,en_49,0.0,185.0,185.0,983.0,1.0,4.0,1.0,1.0
645,7.0,6.0,144.0,details,en,en_49,0.0,138.0,138.0,138.0,1.0,1.0,0.0,0.0
646,7.0,6.0,145.0,of,en,en_49,1.0,0.0,0.0,0.0,0.0,0.0,0.0,0.0
647,7.0,6.0,146.0,a,en,en_49,0.0,224.0,224.0,224.0,1.0,1.0,0.0,0.0
648,7.0,6.0,147.0,"wine,",en,en_49,1.0,0.0,0.0,0.0,0.0,0.0,0.0,0.0
649,7.0,6.0,148.0,such,en,en_49,1.0,0.0,0.0,0.0,0.0,0.0,0.0,0.0
650,7.0,6.0,149.0,as,en,en_49,0.0,284.0,284.0,284.0,1.0,1.0,0.0,0.0
651,7.0,6.0,150.0,geographic,en,en_49,0.0,149.0,149.0,149.0,1.0,1.0,0.0,0.0
652,7.0,6.0,151.0,"origin,",en,en_49,0.0,136.0,136.0,136.0,1.0,1.0,0.0,0.0
653,7.0,6.0,152.0,"reputation,",en,en_49,0.0,137.0,137.0,137.0,1.0,1.0,0.0,0.0
654,7.0,6.0,153.0,or,en,en_49,0.0,128.0,128.0,128.0,1.0,1.0,0.0,0.0
655,7.0,6.0,154.0,other,en,en_49,0.0,135.0,135.0,135.0,1.0,1.0,0.0,0.0
656,7.0,6.0,155.0,considerations.,en,en_49,0.0,147.0,147.0,147.0,1.0,1.0,0.0,0.0
657,7.0,7.0,156.0,Objective,en,en_49,1.0,0.0,0.0,0.0,0.0,0.0,0.0,0.0
658,7.0,7.0,157.0,wine,en,en_49,1.0,0.0,0.0,0.0,0.0,0.0,0.0,0.0
659,7.0,7.0,158.0,tasting,en,en_49,0.0,207.0,207.0,207.0,1.0,1.0,0.0,0.0
660,7.0,7.0,159.0,therefore,en,en_49,0.0,83.0,83.0,367.0,1.0,2.0,0.0,1.0
661,7.0,7.0,160.0,requires,en,en_49,0.0,229.0,229.0,610.0,1.0,2.0,0.0,1.0
662,7.0,7.0,161.0,the,en,en_49,0.0,206.0,206.0,206.0,1.0,1.0,0.0,0.0
663,7.0,7.0,162.0,wine,en,en_49,1.0,0.0,0.0,0.0,0.0,0.0,0.0,0.0
664,7.0,7.0,163.0,to,en,en_49,1.0,0.0,0.0,0.0,0.0,0.0,0.0,0.0
665,7.0,7.0,164.0,be,en,en_49,0.0,398.0,398.0,398.0,1.0,1.0,0.0,0.0
666,7.0,7.0,165.0,served,en,en_49,1.0,0.0,0.0,0.0,0.0,0.0,0.0,0.0
667,7.0,7.0,166.0,blind,en,en_49,0.0,180.0,503.0,503.0,2.0,2.0,1.0,0.0
668,7.0,7.0,167.0,â€“,en,en_49,1.0,0.0,0.0,0.0,0.0,0.0,0.0,0.0
669,7.0,7.0,168.0,that,en,en_49,0.0,200.0,200.0,200.0,1.0,1.0,0.0,0.0
670,7.0,7.0,169.0,"is,",en,en_49,1.0,0.0,0.0,0.0,0.0,0.0,0.0,0.0
671,7.0,7.0,170.0,without,en,en_49,0.0,335.0,335.0,335.0,1.0,1.0,0.0,0.0
672,7.0,7.0,171.0,the,en,en_49,0.0,157.0,157.0,157.0,1.0,1.0,0.0,0.0
673,7.0,7.0,172.0,taster,en,en_49,0.0,160.0,160.0,160.0,1.0,1.0,0.0,0.0
674,7.0,7.0,173.0,having,en,en_49,0.0,125.0,125.0,295.0,1.0,2.0,0.0,1.0
675,7.0,7.0,174.0,seen,en,en_49,1.0,0.0,0.0,0.0,0.0,0.0,0.0,0.0
676,7.0,7.0,175.0,the,en,en_49,0.0,216.0,216.0,363.0,1.0,2.0,0.0,1.0
677,7.0,7.0,176.0,label,en,en_49,1.0,0.0,0.0,0.0,0.0,0.0,0.0,0.0
678,7.0,7.0,177.0,or,en,en_49,1.0,0.0,0.0,0.0,0.0,0.0,0.0,0.0
679,7.0,7.0,178.0,bottle,en,en_49,0.0,178.0,178.0,178.0,1.0,1.0,0.0,0.0
680,7.0,7.0,179.0,shape.,en,en_49,0.0,102.0,102.0,238.0,1.0,2.0,0.0,1.0
681,7.0,8.0,180.0,Blind,en,en_49,0.0,225.0,225.0,225.0,1.0,1.0,0.0,0.0
682,7.0,8.0,181.0,tasting,en,en_49,1.0,0.0,0.0,0.0,0.0,0.0,0.0,0.0
683,7.0,8.0,182.0,may,en,en_49,0.0,154.0,154.0,154.0,1.0,1.0,0.0,0.0
684,7.0,8.0,183.0,also,en,en_49,1.0,0.0,0.0,0.0,0.0,0.0,0.0,0.0
685,7.0,8.0,184.0,involve,en,en_49,0.0,200.0,409.0,409.0,2.0,2.0,1.0,0.0
686,7.0,8.0,185.0,serving,en,en_49,1.0,0.0,0.0,0.0,0.0,0.0,0.0,0.0
687,7.0,8.0,186.0,the,en,en_49,0.0,225.0,225.0,480.0,1.0,2.0,0.0,1.0
688,7.0,8.0,187.0,wine,en,en_49,0.0,251.0,251.0,251.0,1.0,1.0,0.0,0.0
689,7.0,8.0,188.0,from,en,en_49,1.0,0.0,0.0,0.0,0.0,0.0,0.0,0.0
690,7.0,8.0,189.0,a,en,en_49,1.0,0.0,0.0,0.0,0.0,0.0,0.0,0.0
691,7.0,8.0,190.0,black,en,en_49,0.0,171.0,171.0,171.0,1.0,1.0,0.0,0.0
692,7.0,8.0,191.0,wine,en,en_49,0.0,158.0,158.0,158.0,1.0,1.0,0.0,0.0
693,7.0,8.0,192.0,glass,en,en_49,0.0,155.0,155.0,155.0,1.0,1.0,0.0,0.0
694,7.0,8.0,193.0,to,en,en_49,1.0,0.0,0.0,0.0,0.0,0.0,0.0,0.0
695,7.0,8.0,194.0,mask,en,en_49,0.0,200.0,200.0,200.0,1.0,1.0,0.0,0.0
696,7.0,8.0,195.0,the,en,en_49,1.0,0.0,0.0,0.0,0.0,0.0,0.0,0.0
697,7.0,8.0,196.0,color,en,en_49,0.0,181.0,181.0,181.0,1.0,1.0,0.0,0.0
698,7.0,8.0,197.0,of,en,en_49,1.0,0.0,0.0,0.0,0.0,0.0,0.0,0.0
699,7.0,8.0,198.0,the,en,en_49,1.0,0.0,0.0,0.0,0.0,0.0,0.0,0.0
700,7.0,8.0,199.0,wine.,en,en_49,0.0,322.0,322.0,322.0,1.0,1.0,0.0,0.0
701,11.0,1.0,1.0,The,en,en_49,0.0,156.0,156.0,156.0,1.0,1.0,0.0,0.0
702,11.0,1.0,2.0,International,en,en_49,0.0,167.0,167.0,167.0,1.0,1.0,0.0,0.0
703,11.0,1.0,3.0,Union,en,en_49,0.0,285.0,285.0,285.0,1.0,1.0,0.0,0.0
704,11.0,1.0,4.0,for,en,en_49,0.0,183.0,183.0,417.0,1.0,2.0,0.0,1.0
705,11.0,1.0,5.0,Conservation,en,en_49,0.0,140.0,140.0,748.0,1.0,4.0,1.0,1.0
706,11.0,1.0,6.0,of,en,en_49,0.0,391.0,391.0,391.0,1.0,1.0,0.0,0.0
707,11.0,1.0,7.0,Nature,en,en_49,1.0,0.0,0.0,0.0,0.0,0.0,0.0,0.0
708,11.0,1.0,8.0,is,en,en_49,0.0,157.0,157.0,157.0,1.0,1.0,0.0,0.0
709,11.0,1.0,9.0,an,en,en_49,1.0,0.0,0.0,0.0,0.0,0.0,0.0,0.0
710,11.0,1.0,10.0,international,en,en_49,0.0,248.0,580.0,580.0,3.0,3.0,1.0,0.0
711,11.0,1.0,11.0,organization,en,en_49,0.0,176.0,176.0,176.0,1.0,1.0,0.0,0.0
712,11.0,1.0,12.0,working,en,en_49,0.0,271.0,271.0,271.0,1.0,1.0,0.0,0.0
713,11.0,1.0,13.0,in,en,en_49,1.0,0.0,0.0,0.0,0.0,0.0,0.0,0.0
714,11.0,1.0,14.0,the,en,en_49,1.0,0.0,0.0,0.0,0.0,0.0,0.0,0.0
715,11.0,1.0,15.0,field,en,en_49,0.0,158.0,158.0,290.0,1.0,2.0,0.0,1.0
716,11.0,1.0,16.0,of,en,en_49,1.0,0.0,0.0,0.0,0.0,0.0,0.0,0.0
717,11.0,1.0,17.0,nature,en,en_49,1.0,0.0,0.0,0.0,0.0,0.0,0.0,0.0
718,11.0,1.0,18.0,conservation,en,en_49,0.0,120.0,467.0,467.0,3.0,3.0,1.0,0.0
719,11.0,1.0,19.0,and,en,en_49,1.0,0.0,0.0,0.0,0.0,0.0,0.0,0.0
720,11.0,1.0,20.0,the,en,en_49,1.0,0.0,0.0,0.0,0.0,0.0,0.0,0.0
721,11.0,1.0,21.0,sustainable,en,en_49,0.0,149.0,383.0,383.0,2.0,2.0,1.0,0.0
722,11.0,1.0,22.0,use,en,en_49,1.0,0.0,0.0,0.0,0.0,0.0,0.0,0.0
723,11.0,1.0,23.0,of,en,en_49,0.0,200.0,200.0,200.0,1.0,1.0,0.0,0.0
724,11.0,1.0,24.0,natural,en,en_49,0.0,170.0,170.0,170.0,1.0,1.0,0.0,0.0
725,11.0,1.0,25.0,resources.,en,en_49,0.0,173.0,173.0,173.0,1.0,1.0,0.0,0.0
726,11.0,2.0,26.0,It,en,en_49,1.0,0.0,0.0,0.0,0.0,0.0,0.0,0.0
727,11.0,2.0,27.0,is,en,en_49,1.0,0.0,0.0,0.0,0.0,0.0,0.0,0.0
728,11.0,2.0,28.0,involved,en,en_49,0.0,528.0,528.0,738.0,1.0,2.0,0.0,1.0
729,11.0,2.0,29.0,in,en,en_49,1.0,0.0,0.0,0.0,0.0,0.0,0.0,0.0
730,11.0,2.0,30.0,data,en,en_49,0.0,222.0,337.0,495.0,2.0,3.0,1.0,1.0
731,11.0,2.0,31.0,gathering,en,en_49,0.0,179.0,179.0,179.0,1.0,1.0,0.0,0.0
732,11.0,2.0,32.0,and,en,en_49,0.0,134.0,134.0,134.0,1.0,1.0,0.0,0.0
733,11.0,2.0,33.0,"analysis,",en,en_49,1.0,0.0,0.0,0.0,0.0,0.0,0.0,0.0
734,11.0,2.0,34.0,"research,",en,en_49,0.0,92.0,439.0,439.0,2.0,2.0,1.0,0.0
735,11.0,2.0,35.0,field,en,en_49,0.0,294.0,294.0,294.0,1.0,1.0,0.0,0.0
736,11.0,2.0,36.0,"projects,",en,en_49,0.0,139.0,139.0,139.0,1.0,1.0,0.0,0.0
737,11.0,2.0,37.0,"advocacy,",en,en_49,0.0,211.0,211.0,211.0,1.0,1.0,0.0,0.0
738,11.0,2.0,38.0,and,en,en_49,0.0,163.0,163.0,163.0,1.0,1.0,0.0,0.0
739,11.0,2.0,39.0,education.,en,en_49,0.0,155.0,155.0,155.0,1.0,1.0,0.0,0.0
740,11.0,3.0,40.0,Its,en,en_49,0.0,531.0,531.0,531.0,1.0,1.0,0.0,0.0
741,11.0,3.0,41.0,mission,en,en_49,0.0,366.0,366.0,366.0,1.0,1.0,0.0,0.0
742,11.0,3.0,42.0,is,en,en_49,1.0,0.0,0.0,0.0,0.0,0.0,0.0,0.0
743,11.0,3.0,43.0,to,en,en_49,0.0,216.0,216.0,216.0,1.0,1.0,0.0,0.0
744,11.0,3.0,44.0,"""influence,",en,en_49,0.0,474.0,474.0,474.0,1.0,1.0,0.0,0.0
745,11.0,3.0,45.0,encourage,en,en_49,0.0,189.0,189.0,189.0,1.0,1.0,0.0,0.0
746,11.0,3.0,46.0,and,en,en_49,0.0,205.0,205.0,205.0,1.0,1.0,0.0,0.0
747,11.0,3.0,47.0,assist,en,en_49,0.0,224.0,354.0,354.0,2.0,2.0,1.0,0.0
748,11.0,3.0,48.0,societies,en,en_49,1.0,0.0,0.0,0.0,0.0,0.0,0.0,0.0
749,11.0,3.0,49.0,throughout,en,en_49,0.0,393.0,393.0,393.0,1.0,1.0,0.0,0.0
750,11.0,3.0,50.0,the,en,en_49,0.0,94.0,94.0,361.0,1.0,2.0,0.0,1.0
751,11.0,3.0,51.0,world,en,en_49,0.0,323.0,323.0,323.0,1.0,1.0,0.0,0.0
752,11.0,3.0,52.0,to,en,en_49,0.0,304.0,304.0,304.0,1.0,1.0,0.0,0.0
753,11.0,3.0,53.0,conserve,en,en_49,0.0,192.0,406.0,406.0,2.0,2.0,1.0,0.0
754,11.0,3.0,54.0,nature,en,en_49,0.0,167.0,167.0,167.0,1.0,1.0,0.0,0.0
755,11.0,3.0,55.0,and,en,en_49,0.0,189.0,189.0,189.0,1.0,1.0,0.0,0.0
756,11.0,3.0,56.0,to,en,en_49,0.0,507.0,507.0,507.0,1.0,1.0,0.0,0.0
757,11.0,3.0,57.0,ensure,en,en_49,0.0,265.0,265.0,265.0,1.0,1.0,0.0,0.0
758,11.0,3.0,58.0,that,en,en_49,0.0,291.0,291.0,291.0,1.0,1.0,0.0,0.0
759,11.0,3.0,59.0,any,en,en_49,0.0,229.0,229.0,229.0,1.0,1.0,0.0,0.0
760,11.0,3.0,60.0,use,en,en_49,0.0,186.0,362.0,362.0,2.0,2.0,1.0,0.0
761,11.0,3.0,61.0,of,en,en_49,0.0,166.0,166.0,166.0,1.0,1.0,0.0,0.0
762,11.0,3.0,62.0,natural,en,en_49,0.0,680.0,680.0,680.0,1.0,1.0,0.0,0.0
763,11.0,3.0,63.0,resources,en,en_49,0.0,189.0,439.0,439.0,2.0,2.0,1.0,0.0
764,11.0,3.0,64.0,is,en,en_49,0.0,378.0,378.0,781.0,1.0,3.0,1.0,1.0
765,11.0,3.0,65.0,equitable,en,en_49,0.0,187.0,187.0,351.0,1.0,2.0,0.0,1.0
766,11.0,3.0,66.0,and,en,en_49,1.0,0.0,0.0,0.0,0.0,0.0,0.0,0.0
767,11.0,3.0,67.0,ecologically,en,en_49,0.0,795.0,795.0,795.0,1.0,1.0,0.0,0.0
768,11.0,3.0,68.0,"sustainable"".",en,en_49,0.0,89.0,89.0,516.0,1.0,2.0,0.0,1.0
769,11.0,4.0,69.0,Over,en,en_49,0.0,382.0,382.0,604.0,1.0,2.0,0.0,1.0
770,11.0,4.0,70.0,the,en,en_49,0.0,295.0,295.0,460.0,1.0,2.0,0.0,1.0
771,11.0,4.0,71.0,past,en,en_49,0.0,534.0,534.0,914.0,1.0,3.0,0.0,1.0
772,11.0,4.0,72.0,"decades,",en,en_49,0.0,86.0,86.0,86.0,1.0,1.0,0.0,0.0
773,11.0,4.0,73.0,the,en,en_49,0.0,168.0,751.0,751.0,2.0,2.0,1.0,0.0
774,11.0,4.0,74.0,organization,en,en_49,0.0,298.0,298.0,589.0,1.0,2.0,0.0,1.0
775,11.0,4.0,75.0,has,en,en_49,0.0,254.0,254.0,391.0,1.0,2.0,0.0,1.0
776,11.0,4.0,76.0,widened,en,en_49,0.0,167.0,328.0,328.0,2.0,2.0,1.0,0.0
777,11.0,4.0,77.0,its,en,en_49,0.0,267.0,267.0,267.0,1.0,1.0,0.0,0.0
778,11.0,4.0,78.0,focus,en,en_49,0.0,278.0,278.0,409.0,1.0,2.0,0.0,1.0
779,11.0,4.0,79.0,beyond,en,en_49,0.0,126.0,364.0,503.0,2.0,3.0,1.0,1.0
780,11.0,4.0,80.0,conservation,en,en_49,1.0,0.0,0.0,0.0,0.0,0.0,0.0,0.0
781,11.0,4.0,81.0,ecology,en,en_49,0.0,135.0,487.0,487.0,2.0,2.0,1.0,0.0
782,11.0,4.0,82.0,and,en,en_49,0.0,259.0,259.0,465.0,1.0,2.0,0.0,1.0
783,11.0,4.0,83.0,now,en,en_49,0.0,306.0,306.0,306.0,1.0,1.0,0.0,0.0
784,11.0,4.0,84.0,incorporates,en,en_49,0.0,113.0,113.0,736.0,1.0,4.0,1.0,1.0
785,11.0,4.0,85.0,issues,en,en_49,0.0,201.0,551.0,551.0,3.0,3.0,1.0,0.0
786,11.0,4.0,86.0,related,en,en_49,0.0,173.0,173.0,390.0,1.0,3.0,0.0,1.0
787,11.0,4.0,87.0,to,en,en_49,0.0,415.0,415.0,415.0,1.0,1.0,0.0,0.0
788,11.0,4.0,88.0,sustainable,en,en_49,0.0,189.0,189.0,358.0,1.0,2.0,0.0,1.0
789,11.0,4.0,89.0,development,en,en_49,0.0,310.0,538.0,670.0,2.0,3.0,1.0,1.0
790,11.0,4.0,90.0,in,en,en_49,0.0,284.0,284.0,284.0,1.0,1.0,0.0,0.0
791,11.0,4.0,91.0,its,en,en_49,0.0,199.0,199.0,199.0,1.0,1.0,0.0,0.0
792,11.0,4.0,92.0,projects.,en,en_49,0.0,264.0,264.0,465.0,1.0,2.0,0.0,1.0
793,11.0,5.0,93.0,Unlike,en,en_49,0.0,168.0,344.0,537.0,2.0,3.0,1.0,1.0
794,11.0,5.0,94.0,many,en,en_49,1.0,0.0,0.0,0.0,0.0,0.0,0.0,0.0
795,11.0,5.0,95.0,other,en,en_49,1.0,0.0,0.0,0.0,0.0,0.0,0.0,0.0
796,11.0,5.0,96.0,international,en,en_49,0.0,127.0,592.0,762.0,2.0,3.0,1.0,1.0
797,11.0,5.0,97.0,environmental,en,en_49,0.0,68.0,68.0,817.0,1.0,4.0,1.0,1.0
798,11.0,5.0,98.0,"organizations,",en,en_49,0.0,339.0,603.0,603.0,2.0,2.0,1.0,0.0
799,11.0,5.0,99.0,it,en,en_49,1.0,0.0,0.0,0.0,0.0,0.0,0.0,0.0
800,11.0,5.0,100.0,does,en,en_49,0.0,273.0,273.0,495.0,1.0,2.0,0.0,1.0
801,11.0,5.0,101.0,not,en,en_49,0.0,192.0,454.0,454.0,2.0,2.0,1.0,0.0
802,11.0,5.0,102.0,aim,en,en_49,1.0,0.0,0.0,0.0,0.0,0.0,0.0,0.0
803,11.0,5.0,103.0,to,en,en_49,0.0,180.0,180.0,180.0,1.0,1.0,0.0,0.0
804,11.0,5.0,104.0,mobilize,en,en_49,0.0,196.0,372.0,740.0,2.0,4.0,1.0,1.0
805,11.0,5.0,105.0,the,en,en_49,0.0,317.0,317.0,905.0,1.0,3.0,0.0,1.0
806,11.0,5.0,106.0,public,en,en_49,0.0,377.0,377.0,954.0,1.0,4.0,1.0,1.0
807,11.0,5.0,107.0,in,en,en_49,1.0,0.0,0.0,0.0,0.0,0.0,0.0,0.0
808,11.0,5.0,108.0,support,en,en_49,0.0,237.0,237.0,237.0,1.0,1.0,0.0,0.0
809,11.0,5.0,109.0,of,en,en_49,1.0,0.0,0.0,0.0,0.0,0.0,0.0,0.0
810,11.0,5.0,110.0,nature,en,en_49,0.0,440.0,440.0,440.0,1.0,1.0,0.0,0.0
811,11.0,5.0,111.0,conservation.,en,en_49,0.0,91.0,91.0,562.0,1.0,3.0,0.0,1.0
812,11.0,6.0,112.0,"Instead,",en,en_49,0.0,322.0,915.0,915.0,4.0,4.0,1.0,0.0
813,11.0,6.0,113.0,the,en,en_49,0.0,299.0,299.0,299.0,1.0,1.0,0.0,0.0
814,11.0,6.0,114.0,organization,en,en_49,0.0,337.0,540.0,540.0,2.0,2.0,1.0,0.0
815,11.0,6.0,115.0,tries,en,en_49,0.0,138.0,138.0,138.0,1.0,1.0,0.0,0.0
816,11.0,6.0,116.0,to,en,en_49,0.0,392.0,392.0,392.0,1.0,1.0,0.0,0.0
817,11.0,6.0,117.0,influence,en,en_49,0.0,147.0,147.0,147.0,1.0,1.0,0.0,0.0
818,11.0,6.0,118.0,the,en,en_49,0.0,242.0,380.0,380.0,2.0,2.0,1.0,0.0
819,11.0,6.0,119.0,actions,en,en_49,1.0,0.0,0.0,0.0,0.0,0.0,0.0,0.0
820,11.0,6.0,120.0,of,en,en_49,0.0,336.0,336.0,336.0,1.0,1.0,0.0,0.0
821,11.0,6.0,121.0,"governments,",en,en_49,0.0,204.0,1203.0,1203.0,3.0,3.0,1.0,0.0
822,11.0,6.0,122.0,business,en,en_49,1.0,0.0,0.0,0.0,0.0,0.0,0.0,0.0
823,11.0,6.0,123.0,and,en,en_49,0.0,214.0,214.0,214.0,1.0,1.0,0.0,0.0
824,11.0,6.0,124.0,other,en,en_49,1.0,0.0,0.0,0.0,0.0,0.0,0.0,0.0
825,11.0,6.0,125.0,stakeholders,en,en_49,0.0,145.0,505.0,505.0,2.0,2.0,1.0,0.0
826,11.0,6.0,126.0,by,en,en_49,0.0,310.0,310.0,310.0,1.0,1.0,0.0,0.0
827,11.0,6.0,127.0,providing,en,en_49,0.0,231.0,465.0,465.0,2.0,2.0,1.0,0.0
828,11.0,6.0,128.0,information,en,en_49,0.0,248.0,424.0,738.0,2.0,3.0,1.0,1.0
829,11.0,6.0,129.0,and,en,en_49,0.0,181.0,181.0,450.0,1.0,2.0,0.0,1.0
830,11.0,6.0,130.0,"advice,",en,en_49,1.0,0.0,0.0,0.0,0.0,0.0,0.0,0.0
831,11.0,6.0,131.0,and,en,en_49,0.0,366.0,366.0,366.0,1.0,1.0,0.0,0.0
832,11.0,6.0,132.0,through,en,en_49,0.0,212.0,639.0,639.0,3.0,3.0,1.0,0.0
833,11.0,6.0,133.0,building,en,en_49,0.0,260.0,804.0,804.0,2.0,2.0,1.0,0.0
834,11.0,6.0,134.0,partnerships.,en,en_49,1.0,0.0,0.0,0.0,0.0,0.0,0.0,0.0
835,11.0,7.0,135.0,The,en,en_49,0.0,286.0,286.0,286.0,1.0,1.0,0.0,0.0
836,11.0,7.0,136.0,organization,en,en_49,0.0,194.0,404.0,404.0,2.0,2.0,1.0,0.0
837,11.0,7.0,137.0,is,en,en_49,1.0,0.0,0.0,0.0,0.0,0.0,0.0,0.0
838,11.0,7.0,138.0,best,en,en_49,1.0,0.0,0.0,0.0,0.0,0.0,0.0,0.0
839,11.0,7.0,139.0,known,en,en_49,0.0,479.0,479.0,479.0,1.0,1.0,0.0,0.0
840,11.0,7.0,140.0,to,en,en_49,1.0,0.0,0.0,0.0,0.0,0.0,0.0,0.0
841,11.0,7.0,141.0,the,en,en_49,0.0,90.0,374.0,1126.0,2.0,5.0,0.0,1.0
842,11.0,7.0,142.0,wider,en,en_49,0.0,142.0,142.0,234.0,1.0,2.0,0.0,1.0
843,11.0,7.0,143.0,public,en,en_49,0.0,295.0,295.0,456.0,1.0,2.0,0.0,1.0
844,11.0,7.0,144.0,for,en,en_49,0.0,338.0,338.0,338.0,1.0,1.0,0.0,0.0
845,11.0,7.0,145.0,compiling,en,en_49,0.0,48.0,48.0,224.0,1.0,2.0,0.0,1.0
846,11.0,7.0,146.0,and,en,en_49,1.0,0.0,0.0,0.0,0.0,0.0,0.0,0.0
847,11.0,7.0,147.0,publishing,en,en_49,0.0,280.0,280.0,677.0,1.0,2.0,0.0,1.0
848,11.0,7.0,148.0,the,en,en_49,1.0,0.0,0.0,0.0,0.0,0.0,0.0,0.0
849,11.0,7.0,149.0,"""Red",en,en_49,0.0,260.0,260.0,642.0,1.0,3.0,1.0,1.0
850,11.0,7.0,150.0,List,en,en_49,0.0,185.0,185.0,185.0,1.0,1.0,0.0,0.0
851,11.0,7.0,151.0,of,en,en_49,0.0,218.0,218.0,218.0,1.0,1.0,0.0,0.0
852,11.0,7.0,152.0,Threatened,en,en_49,0.0,139.0,200.0,200.0,2.0,2.0,1.0,0.0
853,11.0,7.0,153.0,"Species"",",en,en_49,0.0,196.0,196.0,196.0,1.0,1.0,0.0,0.0
854,11.0,7.0,154.0,which,en,en_49,0.0,226.0,226.0,226.0,1.0,1.0,0.0,0.0
855,11.0,7.0,155.0,assesses,en,en_49,1.0,0.0,0.0,0.0,0.0,0.0,0.0,0.0
856,11.0,7.0,156.0,the,en,en_49,1.0,0.0,0.0,0.0,0.0,0.0,0.0,0.0
857,11.0,7.0,157.0,conservation,en,en_49,0.0,123.0,291.0,431.0,2.0,3.0,1.0,1.0
858,11.0,7.0,158.0,status,en,en_49,1.0,0.0,0.0,0.0,0.0,0.0,0.0,0.0
859,11.0,7.0,159.0,of,en,en_49,1.0,0.0,0.0,0.0,0.0,0.0,0.0,0.0
860,11.0,7.0,160.0,species,en,en_49,1.0,0.0,0.0,0.0,0.0,0.0,0.0,0.0
861,11.0,7.0,161.0,worldwide.,en,en_49,1.0,0.0,0.0,0.0,0.0,0.0,0.0,0.0
862,11.0,8.0,162.0,"Today,",en,en_49,0.0,203.0,203.0,203.0,1.0,1.0,0.0,0.0
863,11.0,8.0,163.0,the,en,en_49,0.0,180.0,180.0,180.0,1.0,1.0,0.0,0.0
864,11.0,8.0,164.0,organization,en,en_49,1.0,0.0,0.0,0.0,0.0,0.0,0.0,0.0
865,11.0,8.0,165.0,employs,en,en_49,0.0,199.0,607.0,607.0,2.0,2.0,1.0,0.0
866,11.0,8.0,166.0,approximately,en,en_49,1.0,0.0,0.0,0.0,0.0,0.0,0.0,0.0
867,11.0,8.0,167.0,one,en,en_49,0.0,154.0,154.0,154.0,1.0,1.0,0.0,0.0
868,11.0,8.0,168.0,thousand,en,en_49,0.0,228.0,481.0,481.0,2.0,2.0,1.0,0.0
869,11.0,8.0,169.0,full-,en,en_49,1.0,0.0,0.0,0.0,0.0,0.0,0.0,0.0
870,11.0,8.0,170.0,time,en,en_49,1.0,0.0,0.0,0.0,0.0,0.0,0.0,0.0
871,11.0,8.0,171.0,staff,en,en_49,0.0,374.0,374.0,613.0,1.0,2.0,0.0,1.0
872,11.0,8.0,172.0,in,en,en_49,0.0,255.0,255.0,255.0,1.0,1.0,0.0,0.0
873,11.0,8.0,173.0,more,en,en_49,0.0,267.0,267.0,418.0,1.0,2.0,0.0,1.0
874,11.0,8.0,174.0,than,en,en_49,0.0,131.0,131.0,131.0,1.0,1.0,0.0,0.0
875,11.0,8.0,175.0,fifty,en,en_49,0.0,139.0,139.0,421.0,1.0,2.0,0.0,1.0
876,11.0,8.0,176.0,countries.,en,en_49,0.0,112.0,112.0,433.0,1.0,3.0,1.0,1.0
877,12.0,1.0,1.0,A,en,en_49,1.0,0.0,0.0,0.0,0.0,0.0,0.0,0.0
878,12.0,1.0,2.0,vehicle,en,en_49,0.0,208.0,208.0,208.0,1.0,1.0,0.0,0.0
879,12.0,1.0,3.0,registration,en,en_49,0.0,197.0,197.0,197.0,1.0,1.0,0.0,0.0
880,12.0,1.0,4.0,plate,en,en_49,0.0,212.0,212.0,212.0,1.0,1.0,0.0,0.0
881,12.0,1.0,5.0,is,en,en_49,0.0,166.0,166.0,166.0,1.0,1.0,0.0,0.0
882,12.0,1.0,6.0,a,en,en_49,1.0,0.0,0.0,0.0,0.0,0.0,0.0,0.0
883,12.0,1.0,7.0,metal,en,en_49,0.0,145.0,145.0,145.0,1.0,1.0,0.0,0.0
884,12.0,1.0,8.0,or,en,en_49,1.0,0.0,0.0,0.0,0.0,0.0,0.0,0.0
885,12.0,1.0,9.0,plastic,en,en_49,0.0,138.0,138.0,138.0,1.0,1.0,0.0,0.0
886,12.0,1.0,10.0,plate,en,en_49,0.0,153.0,153.0,153.0,1.0,1.0,0.0,0.0
887,12.0,1.0,11.0,attached,en,en_49,0.0,313.0,313.0,313.0,1.0,1.0,0.0,0.0
888,12.0,1.0,12.0,to,en,en_49,0.0,145.0,145.0,145.0,1.0,1.0,0.0,0.0
889,12.0,1.0,13.0,a,en,en_49,1.0,0.0,0.0,0.0,0.0,0.0,0.0,0.0
890,12.0,1.0,14.0,vehicle,en,en_49,0.0,124.0,287.0,287.0,2.0,2.0,1.0,0.0
891,12.0,1.0,15.0,for,en,en_49,1.0,0.0,0.0,0.0,0.0,0.0,0.0,0.0
892,12.0,1.0,16.0,official,en,en_49,1.0,0.0,0.0,0.0,0.0,0.0,0.0,0.0
893,12.0,1.0,17.0,identification,en,en_49,0.0,237.0,237.0,237.0,1.0,1.0,0.0,0.0
894,12.0,1.0,18.0,purposes.,en,en_49,0.0,137.0,137.0,137.0,1.0,1.0,0.0,0.0
895,12.0,2.0,19.0,All,en,en_49,1.0,0.0,0.0,0.0,0.0,0.0,0.0,0.0
896,12.0,2.0,20.0,countries,en,en_49,0.0,234.0,234.0,234.0,1.0,1.0,0.0,0.0
897,12.0,2.0,21.0,require,en,en_49,0.0,142.0,142.0,142.0,1.0,1.0,0.0,0.0
898,12.0,2.0,22.0,registration,en,en_49,0.0,185.0,185.0,185.0,1.0,1.0,0.0,0.0
899,12.0,2.0,23.0,plates,en,en_49,0.0,197.0,197.0,197.0,1.0,1.0,0.0,0.0
900,12.0,2.0,24.0,for,en,en_49,0.0,164.0,164.0,164.0,1.0,1.0,0.0,0.0
901,12.0,2.0,25.0,road,en,en_49,1.0,0.0,0.0,0.0,0.0,0.0,0.0,0.0
902,12.0,2.0,26.0,vehicles,en,en_49,0.0,151.0,151.0,151.0,1.0,1.0,0.0,0.0
903,12.0,2.0,27.0,such,en,en_49,0.0,200.0,200.0,200.0,1.0,1.0,0.0,0.0
904,12.0,2.0,28.0,as,en,en_49,1.0,0.0,0.0,0.0,0.0,0.0,0.0,0.0
905,12.0,2.0,29.0,"cars,",en,en_49,0.0,79.0,466.0,466.0,2.0,2.0,1.0,0.0
906,12.0,2.0,30.0,"trucks,",en,en_49,1.0,0.0,0.0,0.0,0.0,0.0,0.0,0.0
907,12.0,2.0,31.0,and,en,en_49,0.0,128.0,128.0,128.0,1.0,1.0,0.0,0.0
908,12.0,2.0,32.0,motorcycles.,en,en_49,0.0,147.0,147.0,147.0,1.0,1.0,0.0,0.0
909,12.0,3.0,33.0,Whether,en,en_49,0.0,209.0,209.0,209.0,1.0,1.0,0.0,0.0
910,12.0,3.0,34.0,they,en,en_49,1.0,0.0,0.0,0.0,0.0,0.0,0.0,0.0
911,12.0,3.0,35.0,are,en,en_49,0.0,161.0,161.0,161.0,1.0,1.0,0.0,0.0
912,12.0,3.0,36.0,required,en,en_49,0.0,121.0,121.0,121.0,1.0,1.0,0.0,0.0
913,12.0,3.0,37.0,for,en,en_49,1.0,0.0,0.0,0.0,0.0,0.0,0.0,0.0
914,12.0,3.0,38.0,other,en,en_49,0.0,193.0,193.0,193.0,1.0,1.0,0.0,0.0
915,12.0,3.0,39.0,"vehicles,",en,en_49,1.0,0.0,0.0,0.0,0.0,0.0,0.0,0.0
916,12.0,3.0,40.0,such,en,en_49,0.0,213.0,213.0,477.0,1.0,2.0,0.0,1.0
917,12.0,3.0,41.0,as,en,en_49,0.0,194.0,194.0,194.0,1.0,1.0,0.0,0.0
918,12.0,3.0,42.0,"bicycles,",en,en_49,0.0,141.0,330.0,519.0,2.0,3.0,1.0,1.0
919,12.0,3.0,43.0,"boats,",en,en_49,0.0,164.0,164.0,164.0,1.0,1.0,0.0,0.0
920,12.0,3.0,44.0,or,en,en_49,1.0,0.0,0.0,0.0,0.0,0.0,0.0,0.0
921,12.0,3.0,45.0,"tractors,",en,en_49,0.0,127.0,283.0,283.0,2.0,2.0,1.0,0.0
922,12.0,3.0,46.0,may,en,en_49,1.0,0.0,0.0,0.0,0.0,0.0,0.0,0.0
923,12.0,3.0,47.0,vary,en,en_49,1.0,0.0,0.0,0.0,0.0,0.0,0.0,0.0
924,12.0,3.0,48.0,by,en,en_49,1.0,0.0,0.0,0.0,0.0,0.0,0.0,0.0
925,12.0,3.0,49.0,jurisdiction.,en,en_49,0.0,75.0,428.0,428.0,3.0,3.0,1.0,0.0
926,12.0,4.0,50.0,The,en,en_49,1.0,0.0,0.0,0.0,0.0,0.0,0.0,0.0
927,12.0,4.0,51.0,registration,en,en_49,0.0,506.0,506.0,506.0,1.0,1.0,0.0,0.0
928,12.0,4.0,52.0,identifier,en,en_49,0.0,320.0,320.0,320.0,1.0,1.0,0.0,0.0
929,12.0,4.0,53.0,is,en,en_49,0.0,337.0,337.0,337.0,1.0,1.0,0.0,0.0
930,12.0,4.0,54.0,a,en,en_49,1.0,0.0,0.0,0.0,0.0,0.0,0.0,0.0
931,12.0,4.0,55.0,series,en,en_49,0.0,178.0,178.0,178.0,1.0,1.0,0.0,0.0
932,12.0,4.0,56.0,of,en,en_49,0.0,183.0,183.0,183.0,1.0,1.0,0.0,0.0
933,12.0,4.0,57.0,letters,en,en_49,0.0,160.0,160.0,160.0,1.0,1.0,0.0,0.0
934,12.0,4.0,58.0,and,en,en_49,1.0,0.0,0.0,0.0,0.0,0.0,0.0,0.0
935,12.0,4.0,59.0,digits,en,en_49,0.0,161.0,161.0,161.0,1.0,1.0,0.0,0.0
936,12.0,4.0,60.0,that,en,en_49,0.0,213.0,358.0,358.0,2.0,2.0,1.0,0.0
937,12.0,4.0,61.0,uniquely,en,en_49,0.0,276.0,276.0,276.0,1.0,1.0,0.0,0.0
938,12.0,4.0,62.0,identifies,en,en_49,0.0,187.0,187.0,187.0,1.0,1.0,0.0,0.0
939,12.0,4.0,63.0,the,en,en_49,1.0,0.0,0.0,0.0,0.0,0.0,0.0,0.0
940,12.0,4.0,64.0,vehicle,en,en_49,0.0,365.0,365.0,365.0,1.0,1.0,0.0,0.0
941,12.0,4.0,65.0,owner,en,en_49,0.0,203.0,203.0,203.0,1.0,1.0,0.0,0.0
942,12.0,4.0,66.0,within,en,en_49,0.0,88.0,88.0,281.0,1.0,2.0,0.0,1.0
943,12.0,4.0,67.0,the,en,en_49,0.0,198.0,198.0,198.0,1.0,1.0,0.0,0.0
944,12.0,4.0,68.0,issuing,en,en_49,1.0,0.0,0.0,0.0,0.0,0.0,0.0,0.0
945,12.0,4.0,69.0,region's,en,en_49,0.0,254.0,254.0,254.0,1.0,1.0,0.0,0.0
946,12.0,4.0,70.0,vehicle,en,en_49,0.0,180.0,375.0,375.0,2.0,2.0,1.0,0.0
947,12.0,4.0,71.0,register.,en,en_49,1.0,0.0,0.0,0.0,0.0,0.0,0.0,0.0
948,12.0,5.0,72.0,In,en,en_49,1.0,0.0,0.0,0.0,0.0,0.0,0.0,0.0
949,12.0,5.0,73.0,some,en,en_49,0.0,211.0,211.0,211.0,1.0,1.0,0.0,0.0
950,12.0,5.0,74.0,"countries,",en,en_49,0.0,112.0,112.0,112.0,1.0,1.0,0.0,0.0
951,12.0,5.0,75.0,the,en,en_49,0.0,199.0,199.0,199.0,1.0,1.0,0.0,0.0
952,12.0,5.0,76.0,identifier,en,en_49,0.0,220.0,220.0,220.0,1.0,1.0,0.0,0.0
953,12.0,5.0,77.0,is,en,en_49,0.0,121.0,121.0,121.0,1.0,1.0,0.0,0.0
954,12.0,5.0,78.0,unique,en,en_49,0.0,131.0,131.0,131.0,1.0,1.0,0.0,0.0
955,12.0,5.0,79.0,within,en,en_49,1.0,0.0,0.0,0.0,0.0,0.0,0.0,0.0
956,12.0,5.0,80.0,the,en,en_49,1.0,0.0,0.0,0.0,0.0,0.0,0.0,0.0
957,12.0,5.0,81.0,entire,en,en_49,1.0,0.0,0.0,0.0,0.0,0.0,0.0,0.0
958,12.0,5.0,82.0,"country,",en,en_49,0.0,336.0,336.0,336.0,1.0,1.0,0.0,0.0
959,12.0,5.0,83.0,while,en,en_49,0.0,171.0,171.0,171.0,1.0,1.0,0.0,0.0
960,12.0,5.0,84.0,in,en,en_49,1.0,0.0,0.0,0.0,0.0,0.0,0.0,0.0
961,12.0,5.0,85.0,others,en,en_49,0.0,170.0,375.0,375.0,2.0,2.0,1.0,0.0
962,12.0,5.0,86.0,it,en,en_49,1.0,0.0,0.0,0.0,0.0,0.0,0.0,0.0
963,12.0,5.0,87.0,is,en,en_49,1.0,0.0,0.0,0.0,0.0,0.0,0.0,0.0
964,12.0,5.0,88.0,unique,en,en_49,0.0,150.0,293.0,293.0,2.0,2.0,1.0,0.0
965,12.0,5.0,89.0,within,en,en_49,1.0,0.0,0.0,0.0,0.0,0.0,0.0,0.0
966,12.0,5.0,90.0,a,en,en_49,0.0,105.0,105.0,105.0,1.0,1.0,0.0,0.0
967,12.0,5.0,91.0,state,en,en_49,0.0,169.0,169.0,169.0,1.0,1.0,0.0,0.0
968,12.0,5.0,92.0,or,en,en_49,1.0,0.0,0.0,0.0,0.0,0.0,0.0,0.0
969,12.0,5.0,93.0,province.,en,en_49,0.0,229.0,229.0,229.0,1.0,1.0,0.0,0.0
970,12.0,6.0,94.0,France,en,en_49,0.0,227.0,227.0,227.0,1.0,1.0,0.0,0.0
971,12.0,6.0,95.0,was,en,en_49,0.0,169.0,169.0,169.0,1.0,1.0,0.0,0.0
972,12.0,6.0,96.0,the,en,en_49,0.0,249.0,249.0,249.0,1.0,1.0,0.0,0.0
973,12.0,6.0,97.0,first,en,en_49,0.0,180.0,180.0,180.0,1.0,1.0,0.0,0.0
974,12.0,6.0,98.0,country,en,en_49,0.0,103.0,244.0,244.0,2.0,2.0,1.0,0.0
975,12.0,6.0,99.0,to,en,en_49,1.0,0.0,0.0,0.0,0.0,0.0,0.0,0.0
976,12.0,6.0,100.0,introduce,en,en_49,1.0,0.0,0.0,0.0,0.0,0.0,0.0,0.0
977,12.0,6.0,101.0,the,en,en_49,1.0,0.0,0.0,0.0,0.0,0.0,0.0,0.0
978,12.0,6.0,102.0,registration,en,en_49,0.0,124.0,343.0,343.0,2.0,2.0,1.0,0.0
979,12.0,6.0,103.0,"plate,",en,en_49,0.0,214.0,214.0,214.0,1.0,1.0,0.0,0.0
980,12.0,6.0,104.0,in,en,en_49,1.0,0.0,0.0,0.0,0.0,0.0,0.0,0.0
981,12.0,6.0,105.0,the,en,en_49,0.0,248.0,248.0,248.0,1.0,1.0,0.0,0.0
982,12.0,6.0,106.0,late,en,en_49,1.0,0.0,0.0,0.0,0.0,0.0,0.0,0.0
983,12.0,6.0,107.0,nineteenth,en,en_49,0.0,178.0,567.0,567.0,3.0,3.0,1.0,0.0
984,12.0,6.0,108.0,century.,en,en_49,0.0,333.0,333.0,333.0,1.0,1.0,0.0,0.0
985,12.0,7.0,109.0,Early,en,en_49,0.0,204.0,204.0,204.0,1.0,1.0,0.0,0.0
986,12.0,7.0,110.0,twentieth,en,en_49,0.0,347.0,604.0,604.0,2.0,2.0,1.0,0.0
987,12.0,7.0,111.0,century,en,en_49,0.0,153.0,153.0,153.0,1.0,1.0,0.0,0.0
988,12.0,7.0,112.0,plates,en,en_49,0.0,190.0,190.0,190.0,1.0,1.0,0.0,0.0
989,12.0,7.0,113.0,varied,en,en_49,0.0,193.0,193.0,193.0,1.0,1.0,0.0,0.0
990,12.0,7.0,114.0,in,en,en_49,1.0,0.0,0.0,0.0,0.0,0.0,0.0,0.0
991,12.0,7.0,115.0,size,en,en_49,0.0,148.0,148.0,148.0,1.0,1.0,0.0,0.0
992,12.0,7.0,116.0,and,en,en_49,0.0,185.0,185.0,185.0,1.0,1.0,0.0,0.0
993,12.0,7.0,117.0,shape,en,en_49,1.0,0.0,0.0,0.0,0.0,0.0,0.0,0.0
994,12.0,7.0,118.0,from,en,en_49,1.0,0.0,0.0,0.0,0.0,0.0,0.0,0.0
995,12.0,7.0,119.0,one,en,en_49,0.0,119.0,288.0,288.0,2.0,2.0,1.0,0.0
996,12.0,7.0,120.0,jurisdiction,en,en_49,0.0,280.0,280.0,280.0,1.0,1.0,0.0,0.0
997,12.0,7.0,121.0,to,en,en_49,1.0,0.0,0.0,0.0,0.0,0.0,0.0,0.0
998,12.0,7.0,122.0,the,en,en_49,1.0,0.0,0.0,0.0,0.0,0.0,0.0,0.0
999,12.0,7.0,123.0,"next,",en,en_49,0.0,165.0,165.0,165.0,1.0,1.0,0.0,0.0
1000,12.0,7.0,124.0,such,en,en_49,0.0,142.0,142.0,142.0,1.0,1.0,0.0,0.0
1001,12.0,7.0,125.0,that,en,en_49,1.0,0.0,0.0,0.0,0.0,0.0,0.0,0.0
1002,12.0,7.0,126.0,if,en,en_49,0.0,173.0,173.0,173.0,1.0,1.0,0.0,0.0
1003,12.0,7.0,127.0,a,en,en_49,1.0,0.0,0.0,0.0,0.0,0.0,0.0,0.0
1004,12.0,7.0,128.0,person,en,en_49,0.0,151.0,151.0,151.0,1.0,1.0,0.0,0.0
1005,12.0,7.0,129.0,"moved,",en,en_49,0.0,174.0,174.0,174.0,1.0,1.0,0.0,0.0
1006,12.0,7.0,130.0,new,en,en_49,0.0,146.0,146.0,146.0,1.0,1.0,0.0,0.0
1007,12.0,7.0,131.0,holes,en,en_49,1.0,0.0,0.0,0.0,0.0,0.0,0.0,0.0
1008,12.0,7.0,132.0,would,en,en_49,0.0,262.0,262.0,262.0,1.0,1.0,0.0,0.0
1009,12.0,7.0,133.0,need,en,en_49,1.0,0.0,0.0,0.0,0.0,0.0,0.0,0.0
1010,12.0,7.0,134.0,to,en,en_49,1.0,0.0,0.0,0.0,0.0,0.0,0.0,0.0
1011,12.0,7.0,135.0,be,en,en_49,0.0,229.0,229.0,229.0,1.0,1.0,0.0,0.0
1012,12.0,7.0,136.0,drilled,en,en_49,0.0,163.0,163.0,163.0,1.0,1.0,0.0,0.0
1013,12.0,7.0,137.0,into,en,en_49,0.0,144.0,144.0,144.0,1.0,1.0,0.0,0.0
1014,12.0,7.0,138.0,the,en,en_49,0.0,136.0,136.0,136.0,1.0,1.0,0.0,0.0
1015,12.0,7.0,139.0,automobile,en,en_49,0.0,233.0,233.0,233.0,1.0,1.0,0.0,0.0
1016,12.0,7.0,140.0,to,en,en_49,0.0,111.0,111.0,111.0,1.0,1.0,0.0,0.0
1017,12.0,7.0,141.0,support,en,en_49,0.0,185.0,185.0,185.0,1.0,1.0,0.0,0.0
1018,12.0,7.0,142.0,the,en,en_49,0.0,203.0,203.0,203.0,1.0,1.0,0.0,0.0
1019,12.0,7.0,143.0,new,en,en_49,1.0,0.0,0.0,0.0,0.0,0.0,0.0,0.0
1020,12.0,7.0,144.0,plate.,en,en_49,0.0,325.0,325.0,396.0,1.0,2.0,0.0,1.0
1021,12.0,8.0,145.0,Standardization,en,en_49,0.0,381.0,381.0,381.0,1.0,1.0,0.0,0.0
1022,12.0,8.0,146.0,of,en,en_49,0.0,215.0,215.0,215.0,1.0,1.0,0.0,0.0
1023,12.0,8.0,147.0,plates,en,en_49,0.0,154.0,154.0,308.0,1.0,2.0,0.0,1.0
1024,12.0,8.0,148.0,came,en,en_49,1.0,0.0,0.0,0.0,0.0,0.0,0.0,0.0
1025,12.0,8.0,149.0,in,en,en_49,0.0,169.0,169.0,169.0,1.0,1.0,0.0,0.0
1026,12.0,8.0,150.0,the,en,en_49,0.0,144.0,144.0,144.0,1.0,1.0,0.0,0.0
1027,12.0,8.0,151.0,late,en,en_49,0.0,224.0,224.0,224.0,1.0,1.0,0.0,0.0
1028,12.0,8.0,152.0,"fifties,",en,en_49,0.0,221.0,221.0,221.0,1.0,1.0,0.0,0.0
1029,12.0,8.0,153.0,when,en,en_49,0.0,275.0,275.0,275.0,1.0,1.0,0.0,0.0
1030,12.0,8.0,154.0,automobile,en,en_49,0.0,160.0,317.0,492.0,2.0,3.0,1.0,1.0
1031,12.0,8.0,155.0,manufacturers,en,en_49,0.0,287.0,287.0,287.0,1.0,1.0,0.0,0.0
1032,12.0,8.0,156.0,came,en,en_49,0.0,101.0,101.0,257.0,1.0,2.0,0.0,1.0
1033,12.0,8.0,157.0,to,en,en_49,1.0,0.0,0.0,0.0,0.0,0.0,0.0,0.0
1034,12.0,8.0,158.0,an,en,en_49,1.0,0.0,0.0,0.0,0.0,0.0,0.0,0.0
1035,12.0,8.0,159.0,agreement,en,en_49,0.0,144.0,144.0,491.0,1.0,2.0,0.0,1.0
1036,12.0,8.0,160.0,with,en,en_49,1.0,0.0,0.0,0.0,0.0,0.0,0.0,0.0
1037,12.0,8.0,161.0,governments,en,en_49,0.0,200.0,200.0,341.0,1.0,2.0,0.0,1.0
1038,12.0,8.0,162.0,and,en,en_49,1.0,0.0,0.0,0.0,0.0,0.0,0.0,0.0
1039,12.0,8.0,163.0,international,en,en_49,0.0,174.0,174.0,369.0,1.0,2.0,0.0,1.0
1040,12.0,8.0,164.0,organizations.,en,en_49,0.0,154.0,154.0,390.0,1.0,2.0,0.0,1.0
