,trialid,sentnum,ianum,ia,lang,uniform_id,skip,firstfix.dur,firstrun.dur,dur,firstrun.nfix,nfix,refix,reread
0,1.0,1.0,1.0,Negli,it,it_43,0.0,154.0,154.0,154.0,1.0,1.0,0.0,0.0
1,1.0,1.0,2.0,antichi,it,it_43,0.0,261.0,261.0,261.0,1.0,1.0,0.0,0.0
2,1.0,1.0,3.0,miti,it,it_43,0.0,191.0,191.0,191.0,1.0,1.0,0.0,0.0
3,1.0,1.0,4.0,e,it,it_43,1.0,0.0,0.0,0.0,0.0,0.0,0.0,0.0
4,1.0,1.0,5.0,religioni,it,it_43,0.0,244.0,244.0,244.0,1.0,1.0,0.0,0.0
5,1.0,1.0,6.0,"Romane,",it,it_43,0.0,313.0,313.0,313.0,1.0,1.0,0.0,0.0
6,1.0,1.0,7.0,Giano,it,it_43,1.0,0.0,0.0,0.0,0.0,0.0,0.0,0.0
7,1.0,1.0,8.0,è,it,it_43,0.0,216.0,216.0,478.0,1.0,2.0,0.0,1.0
8,1.0,1.0,9.0,il,it,it_43,1.0,0.0,0.0,0.0,0.0,0.0,0.0,0.0
9,1.0,1.0,10.0,dio,it,it_43,0.0,198.0,198.0,362.0,1.0,2.0,0.0,1.0
10,1.0,1.0,11.0,degli,it,it_43,0.0,161.0,161.0,161.0,1.0,1.0,0.0,0.0
11,1.0,1.0,12.0,inizi,it,it_43,0.0,292.0,292.0,494.0,1.0,2.0,0.0,1.0
12,1.0,1.0,13.0,e,it,it_43,1.0,0.0,0.0,0.0,0.0,0.0,0.0,0.0
13,1.0,1.0,14.0,dei,it,it_43,0.0,183.0,183.0,183.0,1.0,1.0,0.0,0.0
14,1.0,1.0,15.0,cancelli.,it,it_43,0.0,193.0,193.0,396.0,1.0,2.0,0.0,1.0
15,1.0,2.0,16.0,Egli,it,it_43,1.0,0.0,0.0,0.0,0.0,0.0,0.0,0.0
16,1.0,2.0,17.0,ha,it,it_43,0.0,194.0,194.0,194.0,1.0,1.0,0.0,0.0
17,1.0,2.0,18.0,una,it,it_43,1.0,0.0,0.0,0.0,0.0,0.0,0.0,0.0
18,1.0,2.0,19.0,doppia,it,it_43,0.0,211.0,211.0,211.0,1.0,1.0,0.0,0.0
19,1.0,2.0,20.0,natura,it,it_43,0.0,244.0,244.0,244.0,1.0,1.0,0.0,0.0
20,1.0,2.0,21.0,ed,it,it_43,0.0,88.0,88.0,88.0,1.0,1.0,0.0,0.0
21,1.0,2.0,22.0,è,it,it_43,1.0,0.0,0.0,0.0,0.0,0.0,0.0,0.0
22,1.0,2.0,23.0,solitamente,it,it_43,0.0,185.0,185.0,185.0,1.0,1.0,0.0,0.0
23,1.0,2.0,24.0,rappresentato,it,it_43,0.0,114.0,114.0,291.0,1.0,2.0,0.0,1.0
24,1.0,2.0,25.0,come,it,it_43,1.0,0.0,0.0,0.0,0.0,0.0,0.0,0.0
25,1.0,2.0,26.0,avente,it,it_43,0.0,236.0,236.0,371.0,1.0,2.0,0.0,1.0
26,1.0,2.0,27.0,due,it,it_43,0.0,107.0,107.0,107.0,1.0,1.0,0.0,0.0
27,1.0,2.0,28.0,"facce,",it,it_43,0.0,194.0,194.0,194.0,1.0,1.0,0.0,0.0
28,1.0,2.0,29.0,poiché,it,it_43,1.0,0.0,0.0,0.0,0.0,0.0,0.0,0.0
29,1.0,2.0,30.0,vede,it,it_43,0.0,202.0,285.0,285.0,2.0,2.0,1.0,0.0
30,1.0,2.0,31.0,nel,it,it_43,1.0,0.0,0.0,0.0,0.0,0.0,0.0,0.0
31,1.0,2.0,32.0,passato,it,it_43,0.0,123.0,123.0,123.0,1.0,1.0,0.0,0.0
32,1.0,2.0,33.0,e,it,it_43,1.0,0.0,0.0,0.0,0.0,0.0,0.0,0.0
33,1.0,2.0,34.0,nel,it,it_43,1.0,0.0,0.0,0.0,0.0,0.0,0.0,0.0
34,1.0,2.0,35.0,futuro.,it,it_43,0.0,216.0,216.0,216.0,1.0,1.0,0.0,0.0
35,1.0,3.0,36.0,Giano,it,it_43,1.0,0.0,0.0,0.0,0.0,0.0,0.0,0.0
36,1.0,3.0,37.0,presiede,it,it_43,0.0,212.0,524.0,524.0,3.0,3.0,1.0,0.0
37,1.0,3.0,38.0,sull’inizio,it,it_43,0.0,200.0,200.0,200.0,1.0,1.0,0.0,0.0
38,1.0,3.0,39.0,e,it,it_43,1.0,0.0,0.0,0.0,0.0,0.0,0.0,0.0
39,1.0,3.0,40.0,sulla,it,it_43,0.0,257.0,257.0,257.0,1.0,1.0,0.0,0.0
40,1.0,3.0,41.0,fine,it,it_43,0.0,236.0,236.0,562.0,1.0,3.0,0.0,1.0
41,1.0,3.0,42.0,dei,it,it_43,0.0,211.0,211.0,584.0,1.0,3.0,1.0,1.0
42,1.0,3.0,43.0,"conflitti,",it,it_43,0.0,224.0,224.0,224.0,1.0,1.0,0.0,0.0
43,1.0,3.0,44.0,e,it,it_43,1.0,0.0,0.0,0.0,0.0,0.0,0.0,0.0
44,1.0,3.0,45.0,quindi,it,it_43,0.0,189.0,189.0,361.0,1.0,2.0,0.0,1.0
45,1.0,3.0,46.0,su,it,it_43,1.0,0.0,0.0,0.0,0.0,0.0,0.0,0.0
46,1.0,3.0,47.0,guerra,it,it_43,0.0,385.0,385.0,597.0,1.0,2.0,0.0,1.0
47,1.0,3.0,48.0,e,it,it_43,1.0,0.0,0.0,0.0,0.0,0.0,0.0,0.0
48,1.0,3.0,49.0,pace.,it,it_43,1.0,0.0,0.0,0.0,0.0,0.0,0.0,0.0
49,1.0,4.0,50.0,Le,it,it_43,0.0,180.0,180.0,180.0,1.0,1.0,0.0,0.0
50,1.0,4.0,51.0,porte,it,it_43,0.0,213.0,213.0,213.0,1.0,1.0,0.0,0.0
51,1.0,4.0,52.0,del,it,it_43,1.0,0.0,0.0,0.0,0.0,0.0,0.0,0.0
52,1.0,4.0,53.0,suo,it,it_43,0.0,188.0,188.0,188.0,1.0,1.0,0.0,0.0
53,1.0,4.0,54.0,tempio,it,it_43,1.0,0.0,0.0,0.0,0.0,0.0,0.0,0.0
54,1.0,4.0,55.0,erano,it,it_43,0.0,197.0,197.0,197.0,1.0,1.0,0.0,0.0
55,1.0,4.0,56.0,aperte,it,it_43,0.0,200.0,200.0,200.0,1.0,1.0,0.0,0.0
56,1.0,4.0,57.0,in,it,it_43,1.0,0.0,0.0,0.0,0.0,0.0,0.0,0.0
57,1.0,4.0,58.0,tempo,it,it_43,0.0,239.0,239.0,239.0,1.0,1.0,0.0,0.0
58,1.0,4.0,59.0,di,it,it_43,0.0,111.0,111.0,111.0,1.0,1.0,0.0,0.0
59,1.0,4.0,60.0,guerra,it,it_43,0.0,198.0,198.0,947.0,1.0,3.0,1.0,1.0
60,1.0,4.0,61.0,e,it,it_43,1.0,0.0,0.0,0.0,0.0,0.0,0.0,0.0
61,1.0,4.0,62.0,chiuse,it,it_43,0.0,238.0,238.0,238.0,1.0,1.0,0.0,0.0
62,1.0,4.0,63.0,in,it,it_43,1.0,0.0,0.0,0.0,0.0,0.0,0.0,0.0
63,1.0,4.0,64.0,tempo,it,it_43,0.0,112.0,112.0,280.0,1.0,2.0,0.0,1.0
64,1.0,4.0,65.0,di,it,it_43,0.0,213.0,213.0,213.0,1.0,1.0,0.0,0.0
65,1.0,4.0,66.0,pace.,it,it_43,1.0,0.0,0.0,0.0,0.0,0.0,0.0,0.0
66,1.0,5.0,67.0,Come,it,it_43,1.0,0.0,0.0,0.0,0.0,0.0,0.0,0.0
67,1.0,5.0,68.0,dio,it,it_43,0.0,344.0,344.0,344.0,1.0,1.0,0.0,0.0
68,1.0,5.0,69.0,dei,it,it_43,1.0,0.0,0.0,0.0,0.0,0.0,0.0,0.0
69,1.0,5.0,70.0,"cancelli,",it,it_43,0.0,108.0,108.0,367.0,1.0,2.0,0.0,1.0
70,1.0,5.0,71.0,era,it,it_43,1.0,0.0,0.0,0.0,0.0,0.0,0.0,0.0
71,1.0,5.0,72.0,anche,it,it_43,0.0,189.0,189.0,189.0,1.0,1.0,0.0,0.0
72,1.0,5.0,73.0,associato,it,it_43,0.0,284.0,284.0,284.0,1.0,1.0,0.0,0.0
73,1.0,5.0,74.0,all’entrare,it,it_43,0.0,199.0,199.0,199.0,1.0,1.0,0.0,0.0
74,1.0,5.0,75.0,ed,it,it_43,1.0,0.0,0.0,0.0,0.0,0.0,0.0,0.0
75,1.0,5.0,76.0,uscire,it,it_43,0.0,177.0,177.0,177.0,1.0,1.0,0.0,0.0
76,1.0,5.0,77.0,attraverso,it,it_43,0.0,204.0,204.0,398.0,1.0,2.0,0.0,1.0
77,1.0,5.0,78.0,le,it,it_43,1.0,0.0,0.0,0.0,0.0,0.0,0.0,0.0
78,1.0,5.0,79.0,porte,it,it_43,0.0,216.0,932.0,932.0,3.0,3.0,1.0,0.0
79,1.0,5.0,80.0,di,it,it_43,1.0,0.0,0.0,0.0,0.0,0.0,0.0,0.0
80,1.0,5.0,81.0,casa.,it,it_43,0.0,219.0,219.0,219.0,1.0,1.0,0.0,0.0
81,1.0,6.0,82.0,Giano,it,it_43,0.0,157.0,157.0,157.0,1.0,1.0,0.0,0.0
82,1.0,6.0,83.0,simboleggiava,it,it_43,0.0,159.0,396.0,396.0,2.0,2.0,1.0,0.0
83,1.0,6.0,84.0,di,it,it_43,1.0,0.0,0.0,0.0,0.0,0.0,0.0,0.0
84,1.0,6.0,85.0,frequente,it,it_43,0.0,206.0,206.0,206.0,1.0,1.0,0.0,0.0
85,1.0,6.0,86.0,il,it,it_43,1.0,0.0,0.0,0.0,0.0,0.0,0.0,0.0
86,1.0,6.0,87.0,cambiamento,it,it_43,0.0,211.0,414.0,414.0,2.0,2.0,1.0,0.0
87,1.0,6.0,88.0,e,it,it_43,1.0,0.0,0.0,0.0,0.0,0.0,0.0,0.0
88,1.0,6.0,89.0,le,it,it_43,1.0,0.0,0.0,0.0,0.0,0.0,0.0,0.0
89,1.0,6.0,90.0,"transizioni,",it,it_43,0.0,238.0,406.0,406.0,2.0,2.0,1.0,0.0
90,1.0,6.0,91.0,come,it,it_43,1.0,0.0,0.0,0.0,0.0,0.0,0.0,0.0
91,1.0,6.0,92.0,il,it,it_43,0.0,28.0,189.0,189.0,2.0,2.0,1.0,0.0
92,1.0,6.0,93.0,progredire,it,it_43,0.0,245.0,245.0,245.0,1.0,1.0,0.0,0.0
93,1.0,6.0,94.0,da,it,it_43,1.0,0.0,0.0,0.0,0.0,0.0,0.0,0.0
94,1.0,6.0,95.0,una,it,it_43,0.0,191.0,191.0,191.0,1.0,1.0,0.0,0.0
95,1.0,6.0,96.0,condizione,it,it_43,0.0,257.0,257.0,257.0,1.0,1.0,0.0,0.0
96,1.0,6.0,97.0,all’,it,it_43,0.0,109.0,109.0,109.0,1.0,1.0,0.0,0.0
97,1.0,6.0,98.0,"altra,",it,it_43,0.0,139.0,139.0,139.0,1.0,1.0,0.0,0.0
98,1.0,6.0,99.0,da,it,it_43,1.0,0.0,0.0,0.0,0.0,0.0,0.0,0.0
99,1.0,6.0,100.0,una,it,it_43,0.0,129.0,129.0,129.0,1.0,1.0,0.0,0.0
100,1.0,6.0,101.0,visione,it,it_43,0.0,249.0,249.0,249.0,1.0,1.0,0.0,0.0
101,1.0,6.0,102.0,"all’altra,",it,it_43,0.0,139.0,139.0,139.0,1.0,1.0,0.0,0.0
102,1.0,6.0,103.0,e,it,it_43,1.0,0.0,0.0,0.0,0.0,0.0,0.0,0.0
103,1.0,6.0,104.0,la,it,it_43,1.0,0.0,0.0,0.0,0.0,0.0,0.0,0.0
104,1.0,6.0,105.0,crescita,it,it_43,0.0,29.0,131.0,131.0,2.0,2.0,1.0,0.0
105,1.0,6.0,106.0,dalla,it,it_43,1.0,0.0,0.0,0.0,0.0,0.0,0.0,0.0
106,1.0,6.0,107.0,giovinezza,it,it_43,0.0,295.0,295.0,295.0,1.0,1.0,0.0,0.0
107,1.0,6.0,108.0,fino,it,it_43,1.0,0.0,0.0,0.0,0.0,0.0,0.0,0.0
108,1.0,6.0,109.0,all’età,it,it_43,0.0,302.0,302.0,302.0,1.0,1.0,0.0,0.0
109,1.0,6.0,110.0,adulta.,it,it_43,0.0,179.0,179.0,179.0,1.0,1.0,0.0,0.0
110,1.0,7.0,111.0,Dunque,it,it_43,1.0,0.0,0.0,0.0,0.0,0.0,0.0,0.0
111,1.0,10.0,169.0,Gli,it,it_43,0.0,131.0,131.0,131.0,1.0,1.0,0.0,0.0
112,1.0,10.0,170.0,antichi,it,it_43,0.0,177.0,177.0,177.0,1.0,1.0,0.0,0.0
113,1.0,10.0,171.0,greci,it,it_43,0.0,318.0,318.0,318.0,1.0,1.0,0.0,0.0
114,1.0,10.0,172.0,non,it,it_43,1.0,0.0,0.0,0.0,0.0,0.0,0.0,0.0
115,1.0,10.0,173.0,avevano,it,it_43,0.0,225.0,225.0,225.0,1.0,1.0,0.0,0.0
116,1.0,10.0,174.0,un,it,it_43,1.0,0.0,0.0,0.0,0.0,0.0,0.0,0.0
117,1.0,10.0,175.0,equivalente,it,it_43,0.0,223.0,223.0,528.0,1.0,3.0,0.0,1.0
118,1.0,10.0,176.0,di,it,it_43,1.0,0.0,0.0,0.0,0.0,0.0,0.0,0.0
119,1.0,10.0,177.0,"Giano,",it,it_43,0.0,254.0,254.0,434.0,1.0,2.0,0.0,1.0
120,1.0,10.0,178.0,che,it,it_43,0.0,182.0,182.0,182.0,1.0,1.0,0.0,0.0
121,1.0,10.0,179.0,i,it,it_43,1.0,0.0,0.0,0.0,0.0,0.0,0.0,0.0
122,1.0,10.0,180.0,Romani,it,it_43,0.0,233.0,233.0,233.0,1.0,1.0,0.0,0.0
123,1.0,10.0,181.0,sostenevano,it,it_43,0.0,205.0,205.0,205.0,1.0,1.0,0.0,0.0
124,1.0,10.0,182.0,appartenere,it,it_43,0.0,213.0,213.0,213.0,1.0,1.0,0.0,0.0
125,1.0,10.0,183.0,distintamente,it,it_43,0.0,252.0,252.0,252.0,1.0,1.0,0.0,0.0
126,1.0,10.0,184.0,a,it,it_43,1.0,0.0,0.0,0.0,0.0,0.0,0.0,0.0
127,1.0,10.0,185.0,loro.,it,it_43,0.0,107.0,467.0,467.0,3.0,3.0,1.0,0.0
128,1.0,7.0,112.0,Giano,it,it_43,0.0,203.0,255.0,255.0,2.0,2.0,1.0,0.0
129,1.0,7.0,113.0,era,it,it_43,0.0,188.0,188.0,188.0,1.0,1.0,0.0,0.0
130,1.0,7.0,114.0,celebrato,it,it_43,0.0,307.0,671.0,671.0,3.0,3.0,1.0,0.0
131,1.0,7.0,115.0,all’inizio,it,it_43,0.0,202.0,202.0,202.0,1.0,1.0,0.0,0.0
132,1.0,7.0,116.0,del,it,it_43,0.0,196.0,196.0,196.0,1.0,1.0,0.0,0.0
133,1.0,7.0,117.0,raccolto,it,it_43,0.0,245.0,245.0,447.0,1.0,2.0,0.0,1.0
134,1.0,7.0,118.0,e,it,it_43,1.0,0.0,0.0,0.0,0.0,0.0,0.0,0.0
135,1.0,7.0,119.0,al,it,it_43,0.0,388.0,388.0,388.0,1.0,1.0,0.0,0.0
136,1.0,7.0,120.0,tempo,it,it_43,0.0,206.0,206.0,425.0,1.0,2.0,0.0,1.0
137,1.0,7.0,121.0,della,it,it_43,0.0,151.0,151.0,151.0,1.0,1.0,0.0,0.0
138,1.0,7.0,122.0,"semina,",it,it_43,0.0,292.0,292.0,292.0,1.0,1.0,0.0,0.0
139,1.0,7.0,123.0,così,it,it_43,1.0,0.0,0.0,0.0,0.0,0.0,0.0,0.0
140,1.0,7.0,124.0,come,it,it_43,0.0,345.0,345.0,345.0,1.0,1.0,0.0,0.0
141,1.0,7.0,125.0,in,it,it_43,1.0,0.0,0.0,0.0,0.0,0.0,0.0,0.0
142,1.0,7.0,126.0,occasione,it,it_43,0.0,210.0,210.0,210.0,1.0,1.0,0.0,0.0
143,1.0,7.0,127.0,di,it,it_43,1.0,0.0,0.0,0.0,0.0,0.0,0.0,0.0
144,1.0,7.0,128.0,"matrimoni,",it,it_43,0.0,298.0,298.0,298.0,1.0,1.0,0.0,0.0
145,1.0,7.0,129.0,"morti,",it,it_43,0.0,234.0,234.0,234.0,1.0,1.0,0.0,0.0
146,1.0,7.0,130.0,e,it,it_43,1.0,0.0,0.0,0.0,0.0,0.0,0.0,0.0
147,1.0,7.0,131.0,altri,it,it_43,0.0,454.0,454.0,454.0,1.0,1.0,0.0,0.0
148,1.0,7.0,132.0,tipi,it,it_43,0.0,172.0,172.0,172.0,1.0,1.0,0.0,0.0
149,1.0,7.0,133.0,di,it,it_43,1.0,0.0,0.0,0.0,0.0,0.0,0.0,0.0
150,1.0,7.0,134.0,inizi.,it,it_43,0.0,168.0,168.0,168.0,1.0,1.0,0.0,0.0
151,1.0,8.0,135.0,Giano,it,it_43,0.0,43.0,210.0,371.0,2.0,3.0,1.0,1.0
152,1.0,8.0,136.0,non,it,it_43,1.0,0.0,0.0,0.0,0.0,0.0,0.0,0.0
153,1.0,8.0,137.0,aveva,it,it_43,0.0,217.0,217.0,217.0,1.0,1.0,0.0,0.0
154,1.0,8.0,138.0,sacerdoti,it,it_43,0.0,160.0,160.0,160.0,1.0,1.0,0.0,0.0
155,1.0,8.0,139.0,specificatamente,it,it_43,0.0,187.0,187.0,187.0,1.0,1.0,0.0,0.0
156,1.0,8.0,140.0,assegnati,it,it_43,0.0,217.0,217.0,217.0,1.0,1.0,0.0,0.0
157,1.0,8.0,141.0,a,it,it_43,1.0,0.0,0.0,0.0,0.0,0.0,0.0,0.0
158,1.0,8.0,142.0,"sé,",it,it_43,1.0,0.0,0.0,0.0,0.0,0.0,0.0,0.0
159,1.0,8.0,143.0,ma,it,it_43,0.0,270.0,270.0,270.0,1.0,1.0,0.0,0.0
160,1.0,8.0,144.0,l’alto,it,it_43,0.0,316.0,648.0,648.0,2.0,2.0,1.0,0.0
161,1.0,8.0,145.0,sacerdote,it,it_43,0.0,209.0,209.0,209.0,1.0,1.0,0.0,0.0
162,1.0,8.0,146.0,stesso,it,it_43,0.0,145.0,145.0,145.0,1.0,1.0,0.0,0.0
163,1.0,8.0,147.0,presiedeva,it,it_43,0.0,260.0,419.0,630.0,2.0,3.0,1.0,1.0
164,1.0,8.0,148.0,le,it,it_43,0.0,226.0,226.0,494.0,1.0,2.0,0.0,1.0
165,1.0,8.0,149.0,sue,it,it_43,1.0,0.0,0.0,0.0,0.0,0.0,0.0,0.0
166,1.0,8.0,150.0,cerimonie.,it,it_43,0.0,137.0,339.0,339.0,2.0,2.0,1.0,0.0
167,1.0,9.0,151.0,Giano,it,it_43,1.0,0.0,0.0,0.0,0.0,0.0,0.0,0.0
168,1.0,9.0,152.0,rappresentava,it,it_43,0.0,286.0,286.0,286.0,1.0,1.0,0.0,0.0
169,1.0,9.0,153.0,la,it,it_43,0.0,206.0,206.0,206.0,1.0,1.0,0.0,0.0
170,1.0,9.0,154.0,via,it,it_43,1.0,0.0,0.0,0.0,0.0,0.0,0.0,0.0
171,1.0,9.0,155.0,di,it,it_43,0.0,207.0,207.0,207.0,1.0,1.0,0.0,0.0
172,1.0,9.0,156.0,mezzo,it,it_43,1.0,0.0,0.0,0.0,0.0,0.0,0.0,0.0
173,1.0,9.0,157.0,tra,it,it_43,1.0,0.0,0.0,0.0,0.0,0.0,0.0,0.0
174,1.0,9.0,158.0,civiltà,it,it_43,0.0,201.0,201.0,201.0,1.0,1.0,0.0,0.0
175,1.0,9.0,159.0,e,it,it_43,1.0,0.0,0.0,0.0,0.0,0.0,0.0,0.0
176,1.0,9.0,160.0,"barbarie,",it,it_43,0.0,183.0,183.0,183.0,1.0,1.0,0.0,0.0
177,1.0,9.0,161.0,spazio,it,it_43,1.0,0.0,0.0,0.0,0.0,0.0,0.0,0.0
178,1.0,9.0,162.0,urbano,it,it_43,0.0,231.0,544.0,544.0,3.0,3.0,1.0,0.0
179,1.0,9.0,163.0,e,it,it_43,1.0,0.0,0.0,0.0,0.0,0.0,0.0,0.0
180,1.0,9.0,164.0,"rurale,",it,it_43,0.0,161.0,161.0,161.0,1.0,1.0,0.0,0.0
181,1.0,9.0,165.0,giovinezza,it,it_43,0.0,381.0,381.0,558.0,1.0,2.0,0.0,1.0
182,1.0,9.0,166.0,e,it,it_43,1.0,0.0,0.0,0.0,0.0,0.0,0.0,0.0
183,1.0,9.0,167.0,età,it,it_43,0.0,149.0,149.0,149.0,1.0,1.0,0.0,0.0
184,1.0,9.0,168.0,adulta.,it,it_43,0.0,256.0,256.0,256.0,1.0,1.0,0.0,0.0
185,2.0,4.0,95.0,shaka,it,it_43,0.0,271.0,271.0,271.0,1.0,1.0,0.0,0.0
186,2.0,4.0,96.0,sembra,it,it_43,0.0,179.0,179.0,179.0,1.0,1.0,0.0,0.0
187,2.0,4.0,97.0,siano,it,it_43,0.0,234.0,234.0,290.0,1.0,2.0,0.0,1.0
188,2.0,4.0,98.0,da,it,it_43,0.0,157.0,157.0,157.0,1.0,1.0,0.0,0.0
189,2.0,4.0,99.0,attribuire,it,it_43,0.0,77.0,334.0,567.0,4.0,5.0,1.0,1.0
190,2.0,4.0,100.0,a,it,it_43,1.0,0.0,0.0,0.0,0.0,0.0,0.0,0.0
191,2.0,4.0,101.0,tale,it,it_43,0.0,115.0,115.0,115.0,1.0,1.0,0.0,0.0
192,2.0,4.0,102.0,Hamana,it,it_43,0.0,260.0,260.0,489.0,1.0,2.0,0.0,1.0
193,2.0,4.0,103.0,"Kalili,",it,it_43,0.0,370.0,666.0,666.0,2.0,2.0,1.0,0.0
194,2.0,4.0,104.0,che,it,it_43,1.0,0.0,0.0,0.0,0.0,0.0,0.0,0.0
195,2.0,4.0,105.0,perse,it,it_43,0.0,357.0,357.0,357.0,1.0,1.0,0.0,0.0
196,2.0,4.0,106.0,le,it,it_43,0.0,206.0,206.0,206.0,1.0,1.0,0.0,0.0
197,2.0,4.0,107.0,tre,it,it_43,1.0,0.0,0.0,0.0,0.0,0.0,0.0,0.0
198,2.0,4.0,108.0,dita,it,it_43,0.0,186.0,186.0,186.0,1.0,1.0,0.0,0.0
199,2.0,4.0,109.0,centrali,it,it_43,0.0,226.0,226.0,226.0,1.0,1.0,0.0,0.0
200,2.0,4.0,110.0,del,it,it_43,0.0,207.0,207.0,207.0,1.0,1.0,0.0,0.0
201,2.0,4.0,111.0,mano,it,it_43,1.0,0.0,0.0,0.0,0.0,0.0,0.0,0.0
202,2.0,4.0,112.0,destra,it,it_43,0.0,257.0,257.0,257.0,1.0,1.0,0.0,0.0
203,2.0,4.0,113.0,lavorando,it,it_43,0.0,186.0,186.0,186.0,1.0,1.0,0.0,0.0
204,2.0,4.0,114.0,in,it,it_43,0.0,184.0,184.0,184.0,1.0,1.0,0.0,0.0
205,2.0,4.0,115.0,uno,it,it_43,1.0,0.0,0.0,0.0,0.0,0.0,0.0,0.0
206,2.0,4.0,116.0,zuccherificio.,it,it_43,0.0,330.0,330.0,330.0,1.0,1.0,0.0,0.0
207,2.0,5.0,117.0,Dopo,it,it_43,1.0,0.0,0.0,0.0,0.0,0.0,0.0,0.0
208,2.0,5.0,118.0,questo,it,it_43,0.0,207.0,207.0,318.0,1.0,2.0,0.0,1.0
209,2.0,5.0,119.0,grave,it,it_43,0.0,229.0,229.0,229.0,1.0,1.0,0.0,0.0
210,2.0,5.0,120.0,"incidente,",it,it_43,1.0,0.0,0.0,0.0,0.0,0.0,0.0,0.0
211,2.0,5.0,121.0,l’uomo,it,it_43,0.0,248.0,248.0,248.0,1.0,1.0,0.0,0.0
212,2.0,5.0,122.0,divenne,it,it_43,0.0,110.0,110.0,110.0,1.0,1.0,0.0,0.0
213,2.0,5.0,123.0,responsabile,it,it_43,0.0,158.0,258.0,258.0,2.0,2.0,1.0,0.0
214,2.0,5.0,124.0,del,it,it_43,1.0,0.0,0.0,0.0,0.0,0.0,0.0,0.0
215,2.0,5.0,125.0,treno,it,it_43,0.0,190.0,190.0,190.0,1.0,1.0,0.0,0.0
216,2.0,5.0,126.0,che,it,it_43,1.0,0.0,0.0,0.0,0.0,0.0,0.0,0.0
217,2.0,5.0,127.0,trasportava,it,it_43,0.0,245.0,245.0,245.0,1.0,1.0,0.0,0.0
218,2.0,5.0,128.0,lo,it,it_43,1.0,0.0,0.0,0.0,0.0,0.0,0.0,0.0
219,2.0,5.0,129.0,zucchero.,it,it_43,0.0,259.0,259.0,259.0,1.0,1.0,0.0,0.0
220,2.0,6.0,130.0,In,it,it_43,1.0,0.0,0.0,0.0,0.0,0.0,0.0,0.0
221,2.0,6.0,131.0,tale,it,it_43,1.0,0.0,0.0,0.0,0.0,0.0,0.0,0.0
222,2.0,6.0,132.0,"mansione,",it,it_43,0.0,256.0,256.0,256.0,1.0,1.0,0.0,0.0
223,2.0,6.0,133.0,al,it,it_43,1.0,0.0,0.0,0.0,0.0,0.0,0.0,0.0
224,2.0,6.0,134.0,fine,it,it_43,1.0,0.0,0.0,0.0,0.0,0.0,0.0,0.0
225,2.0,6.0,135.0,di,it,it_43,0.0,307.0,307.0,307.0,1.0,1.0,0.0,0.0
226,2.0,6.0,136.0,indicare,it,it_43,0.0,210.0,210.0,210.0,1.0,1.0,0.0,0.0
227,2.0,6.0,137.0,il,it,it_43,1.0,0.0,0.0,0.0,0.0,0.0,0.0,0.0
228,2.0,6.0,138.0,via,it,it_43,0.0,69.0,69.0,221.0,1.0,2.0,0.0,1.0
229,2.0,6.0,139.0,libera,it,it_43,0.0,407.0,407.0,407.0,1.0,1.0,0.0,0.0
230,2.0,6.0,140.0,per,it,it_43,1.0,0.0,0.0,0.0,0.0,0.0,0.0,0.0
231,2.0,6.0,141.0,il,it,it_43,0.0,296.0,296.0,492.0,1.0,2.0,0.0,1.0
232,2.0,6.0,142.0,convoglio,it,it_43,0.0,195.0,195.0,195.0,1.0,1.0,0.0,0.0
233,2.0,6.0,143.0,era,it,it_43,0.0,115.0,115.0,115.0,1.0,1.0,0.0,0.0
234,2.0,6.0,144.0,solito,it,it_43,0.0,233.0,233.0,233.0,1.0,1.0,0.0,0.0
235,2.0,6.0,145.0,fare,it,it_43,0.0,184.0,184.0,184.0,1.0,1.0,0.0,0.0
236,2.0,6.0,146.0,un,it,it_43,1.0,0.0,0.0,0.0,0.0,0.0,0.0,0.0
237,2.0,6.0,147.0,segno,it,it_43,0.0,252.0,252.0,252.0,1.0,1.0,0.0,0.0
238,2.0,6.0,148.0,con,it,it_43,0.0,261.0,261.0,261.0,1.0,1.0,0.0,0.0
239,2.0,6.0,149.0,la,it,it_43,1.0,0.0,0.0,0.0,0.0,0.0,0.0,0.0
240,2.0,6.0,150.0,mano,it,it_43,0.0,230.0,230.0,230.0,1.0,1.0,0.0,0.0
241,2.0,6.0,151.0,"destra,",it,it_43,1.0,0.0,0.0,0.0,0.0,0.0,0.0,0.0
242,2.0,6.0,152.0,priva,it,it_43,1.0,0.0,0.0,0.0,0.0,0.0,0.0,0.0
243,2.0,6.0,153.0,di,it,it_43,0.0,233.0,233.0,233.0,1.0,1.0,0.0,0.0
244,2.0,6.0,154.0,tre,it,it_43,1.0,0.0,0.0,0.0,0.0,0.0,0.0,0.0
245,2.0,6.0,155.0,dita.,it,it_43,0.0,217.0,217.0,217.0,1.0,1.0,0.0,0.0
246,2.0,7.0,156.0,Tale,it,it_43,1.0,0.0,0.0,0.0,0.0,0.0,0.0,0.0
247,2.0,7.0,157.0,gesto,it,it_43,0.0,207.0,207.0,207.0,1.0,1.0,0.0,0.0
248,2.0,7.0,158.0,si,it,it_43,1.0,0.0,0.0,0.0,0.0,0.0,0.0,0.0
249,2.0,7.0,159.0,sarebbe,it,it_43,0.0,249.0,249.0,249.0,1.0,1.0,0.0,0.0
250,2.0,7.0,160.0,evoluto,it,it_43,0.0,180.0,180.0,423.0,1.0,2.0,0.0,1.0
251,2.0,7.0,161.0,negli,it,it_43,0.0,49.0,49.0,49.0,1.0,1.0,0.0,0.0
252,2.0,7.0,162.0,anni,it,it_43,1.0,0.0,0.0,0.0,0.0,0.0,0.0,0.0
253,2.0,7.0,163.0,nel,it,it_43,0.0,205.0,205.0,298.0,1.0,2.0,0.0,1.0
254,2.0,7.0,164.0,cosiddetto,it,it_43,0.0,209.0,209.0,209.0,1.0,1.0,0.0,0.0
255,2.0,7.0,165.0,“shaka,it,it_43,0.0,195.0,195.0,362.0,1.0,2.0,0.0,1.0
256,2.0,7.0,166.0,"brah”,",it,it_43,0.0,180.0,180.0,180.0,1.0,1.0,0.0,0.0
257,2.0,7.0,167.0,usato,it,it_43,0.0,195.0,195.0,654.0,1.0,3.0,0.0,1.0
258,2.0,7.0,168.0,oggi,it,it_43,1.0,0.0,0.0,0.0,0.0,0.0,0.0,0.0
259,2.0,7.0,169.0,dai,it,it_43,0.0,229.0,229.0,229.0,1.0,1.0,0.0,0.0
260,2.0,7.0,170.0,surfisti,it,it_43,0.0,205.0,205.0,419.0,1.0,2.0,0.0,1.0
261,2.0,7.0,171.0,di,it,it_43,0.0,43.0,43.0,43.0,1.0,1.0,0.0,0.0
262,2.0,7.0,172.0,tutto,it,it_43,0.0,430.0,430.0,822.0,1.0,2.0,0.0,1.0
263,2.0,7.0,173.0,il,it,it_43,0.0,239.0,239.0,239.0,1.0,1.0,0.0,0.0
264,2.0,7.0,174.0,mondo.,it,it_43,1.0,0.0,0.0,0.0,0.0,0.0,0.0,0.0
265,2.0,3.0,39.0,questa,it,it_43,0.0,206.0,206.0,206.0,1.0,1.0,0.0,0.0
266,2.0,3.0,40.0,forma,it,it_43,0.0,117.0,117.0,117.0,1.0,1.0,0.0,0.0
267,2.0,3.0,41.0,di,it,it_43,1.0,0.0,0.0,0.0,0.0,0.0,0.0,0.0
268,2.0,3.0,42.0,saluto,it,it_43,0.0,223.0,223.0,223.0,1.0,1.0,0.0,0.0
269,2.0,3.0,43.0,nasce,it,it_43,0.0,139.0,139.0,344.0,1.0,2.0,0.0,1.0
270,2.0,3.0,44.0,nelle,it,it_43,0.0,263.0,263.0,263.0,1.0,1.0,0.0,0.0
271,2.0,3.0,45.0,"Hawaii,",it,it_43,1.0,0.0,0.0,0.0,0.0,0.0,0.0,0.0
272,2.0,3.0,46.0,e,it,it_43,1.0,0.0,0.0,0.0,0.0,0.0,0.0,0.0
273,2.0,3.0,47.0,ad,it,it_43,1.0,0.0,0.0,0.0,0.0,0.0,0.0,0.0
274,2.0,3.0,48.0,esso,it,it_43,0.0,169.0,169.0,169.0,1.0,1.0,0.0,0.0
275,2.0,3.0,49.0,vengono,it,it_43,1.0,0.0,0.0,0.0,0.0,0.0,0.0,0.0
276,2.0,3.0,50.0,attribuiti,it,it_43,0.0,180.0,328.0,328.0,2.0,2.0,1.0,0.0
277,2.0,3.0,51.0,diversi,it,it_43,1.0,0.0,0.0,0.0,0.0,0.0,0.0,0.0
278,2.0,3.0,52.0,significati:,it,it_43,0.0,240.0,240.0,240.0,1.0,1.0,0.0,0.0
279,2.0,3.0,53.0,secondo,it,it_43,0.0,134.0,134.0,134.0,1.0,1.0,0.0,0.0
280,2.0,3.0,54.0,"molti,",it,it_43,0.0,220.0,220.0,220.0,1.0,1.0,0.0,0.0
281,2.0,3.0,55.0,è,it,it_43,1.0,0.0,0.0,0.0,0.0,0.0,0.0,0.0
282,2.0,3.0,56.0,considerato,it,it_43,0.0,234.0,779.0,779.0,3.0,3.0,1.0,0.0
283,2.0,3.0,57.0,un,it,it_43,1.0,0.0,0.0,0.0,0.0,0.0,0.0,0.0
284,2.0,3.0,58.0,gesto,it,it_43,0.0,140.0,140.0,140.0,1.0,1.0,0.0,0.0
285,2.0,3.0,59.0,utilizzato,it,it_43,0.0,151.0,151.0,151.0,1.0,1.0,0.0,0.0
286,2.0,3.0,60.0,per,it,it_43,1.0,0.0,0.0,0.0,0.0,0.0,0.0,0.0
287,2.0,3.0,61.0,trasmettere,it,it_43,0.0,252.0,252.0,252.0,1.0,1.0,0.0,0.0
288,2.0,3.0,62.0,tanto,it,it_43,0.0,184.0,184.0,184.0,1.0,1.0,0.0,0.0
289,2.0,3.0,63.0,un,it,it_43,1.0,0.0,0.0,0.0,0.0,0.0,0.0,0.0
290,2.0,3.0,64.0,segno,it,it_43,0.0,253.0,253.0,253.0,1.0,1.0,0.0,0.0
291,2.0,3.0,65.0,di,it,it_43,0.0,224.0,224.0,224.0,1.0,1.0,0.0,0.0
292,2.0,3.0,66.0,amicizia,it,it_43,1.0,0.0,0.0,0.0,0.0,0.0,0.0,0.0
293,2.0,3.0,67.0,quanto,it,it_43,0.0,185.0,185.0,185.0,1.0,1.0,0.0,0.0
294,2.0,3.0,68.0,uno,it,it_43,1.0,0.0,0.0,0.0,0.0,0.0,0.0,0.0
295,2.0,3.0,69.0,stato,it,it_43,0.0,169.0,169.0,169.0,1.0,1.0,0.0,0.0
296,2.0,3.0,70.0,"mentale,",it,it_43,1.0,0.0,0.0,0.0,0.0,0.0,0.0,0.0
297,2.0,3.0,71.0,chiamato,it,it_43,0.0,160.0,343.0,343.0,2.0,2.0,1.0,0.0
298,2.0,3.0,72.0,"“aloha”,",it,it_43,0.0,459.0,902.0,902.0,2.0,2.0,1.0,0.0
299,2.0,3.0,73.0,caratterizzato,it,it_43,0.0,114.0,281.0,281.0,2.0,2.0,1.0,0.0
300,2.0,3.0,74.0,un,it,it_43,1.0,0.0,0.0,0.0,0.0,0.0,0.0,0.0
301,2.0,3.0,75.0,senso,it,it_43,1.0,0.0,0.0,0.0,0.0,0.0,0.0,0.0
302,2.0,3.0,76.0,di,it,it_43,0.0,202.0,202.0,202.0,1.0,1.0,0.0,0.0
303,2.0,3.0,77.0,"comunione,",it,it_43,0.0,268.0,425.0,425.0,2.0,2.0,1.0,0.0
304,2.0,3.0,78.0,comprensione,it,it_43,0.0,214.0,214.0,214.0,1.0,1.0,0.0,0.0
305,2.0,3.0,79.0,e,it,it_43,1.0,0.0,0.0,0.0,0.0,0.0,0.0,0.0
306,2.0,3.0,80.0,solidarietà,it,it_43,0.0,247.0,563.0,563.0,2.0,2.0,1.0,0.0
307,2.0,3.0,81.0,tra,it,it_43,1.0,0.0,0.0,0.0,0.0,0.0,0.0,0.0
308,2.0,3.0,82.0,le,it,it_43,1.0,0.0,0.0,0.0,0.0,0.0,0.0,0.0
309,2.0,3.0,83.0,varie,it,it_43,0.0,177.0,350.0,350.0,2.0,2.0,1.0,0.0
310,2.0,3.0,84.0,culture,it,it_43,1.0,0.0,0.0,0.0,0.0,0.0,0.0,0.0
311,2.0,3.0,85.0,ed,it,it_43,1.0,0.0,0.0,0.0,0.0,0.0,0.0,0.0
312,2.0,3.0,86.0,etnie,it,it_43,0.0,201.0,201.0,201.0,1.0,1.0,0.0,0.0
313,2.0,3.0,87.0,hawaiane.,it,it_43,0.0,237.0,403.0,403.0,2.0,2.0,1.0,0.0
314,2.0,4.0,88.0,Secondo,it,it_43,0.0,170.0,170.0,170.0,1.0,1.0,0.0,0.0
315,2.0,4.0,89.0,una,it,it_43,1.0,0.0,0.0,0.0,0.0,0.0,0.0,0.0
316,2.0,4.0,90.0,popolare,it,it_43,0.0,216.0,216.0,216.0,1.0,1.0,0.0,0.0
317,2.0,4.0,91.0,credenza,it,it_43,0.0,220.0,220.0,220.0,1.0,1.0,0.0,0.0
318,2.0,4.0,92.0,le,it,it_43,1.0,0.0,0.0,0.0,0.0,0.0,0.0,0.0
319,2.0,4.0,93.0,origini,it,it_43,0.0,282.0,282.0,282.0,1.0,1.0,0.0,0.0
320,2.0,4.0,94.0,dello,it,it_43,1.0,0.0,0.0,0.0,0.0,0.0,0.0,0.0
321,2.0,1.0,1.0,Il,it,it_43,0.0,162.0,162.0,162.0,1.0,1.0,0.0,0.0
322,2.0,1.0,2.0,saluto,it,it_43,0.0,169.0,169.0,306.0,1.0,2.0,0.0,1.0
323,2.0,1.0,3.0,dei,it,it_43,0.0,140.0,140.0,140.0,1.0,1.0,0.0,0.0
324,2.0,1.0,4.0,surfisti,it,it_43,0.0,154.0,154.0,625.0,1.0,4.0,0.0,1.0
325,2.0,1.0,5.0,viene,it,it_43,1.0,0.0,0.0,0.0,0.0,0.0,0.0,0.0
326,2.0,1.0,6.0,chiamato,it,it_43,0.0,165.0,165.0,165.0,1.0,1.0,0.0,0.0
327,2.0,1.0,7.0,“hang,it,it_43,0.0,172.0,172.0,172.0,1.0,1.0,0.0,0.0
328,2.0,1.0,8.0,loose”,it,it_43,0.0,260.0,260.0,260.0,1.0,1.0,0.0,0.0
329,2.0,1.0,9.0,oppure,it,it_43,1.0,0.0,0.0,0.0,0.0,0.0,0.0,0.0
330,2.0,1.0,10.0,“shaka,it,it_43,0.0,181.0,357.0,620.0,2.0,3.0,1.0,1.0
331,2.0,1.0,11.0,brah”.,it,it_43,0.0,238.0,238.0,447.0,1.0,2.0,0.0,1.0
332,2.0,2.0,12.0,E’,it,it_43,1.0,0.0,0.0,0.0,0.0,0.0,0.0,0.0
333,2.0,2.0,13.0,un,it,it_43,1.0,0.0,0.0,0.0,0.0,0.0,0.0,0.0
334,2.0,2.0,14.0,saluto,it,it_43,0.0,226.0,226.0,226.0,1.0,1.0,0.0,0.0
335,2.0,2.0,15.0,che,it,it_43,1.0,0.0,0.0,0.0,0.0,0.0,0.0,0.0
336,2.0,2.0,16.0,si,it,it_43,1.0,0.0,0.0,0.0,0.0,0.0,0.0,0.0
337,2.0,2.0,17.0,fa,it,it_43,0.0,253.0,253.0,253.0,1.0,1.0,0.0,0.0
338,2.0,2.0,18.0,con,it,it_43,1.0,0.0,0.0,0.0,0.0,0.0,0.0,0.0
339,2.0,2.0,19.0,pugno,it,it_43,0.0,327.0,327.0,327.0,1.0,1.0,0.0,0.0
340,2.0,2.0,20.0,chiuso,it,it_43,0.0,97.0,97.0,97.0,1.0,1.0,0.0,0.0
341,2.0,2.0,21.0,e,it,it_43,1.0,0.0,0.0,0.0,0.0,0.0,0.0,0.0
342,2.0,2.0,22.0,pollice,it,it_43,0.0,127.0,250.0,250.0,2.0,2.0,1.0,0.0
343,2.0,2.0,23.0,e,it,it_43,1.0,0.0,0.0,0.0,0.0,0.0,0.0,0.0
344,2.0,2.0,24.0,mignolo,it,it_43,0.0,274.0,274.0,274.0,1.0,1.0,0.0,0.0
345,2.0,2.0,25.0,"distesi,",it,it_43,0.0,235.0,235.0,235.0,1.0,1.0,0.0,0.0
346,2.0,2.0,26.0,e,it,it_43,1.0,0.0,0.0,0.0,0.0,0.0,0.0,0.0
347,2.0,2.0,27.0,simboleggia,it,it_43,0.0,219.0,219.0,219.0,1.0,1.0,0.0,0.0
348,2.0,2.0,28.0,uno,it,it_43,1.0,0.0,0.0,0.0,0.0,0.0,0.0,0.0
349,2.0,2.0,29.0,stato,it,it_43,0.0,129.0,129.0,129.0,1.0,1.0,0.0,0.0
350,2.0,2.0,30.0,di,it,it_43,0.0,170.0,170.0,170.0,1.0,1.0,0.0,0.0
351,2.0,2.0,31.0,pace,it,it_43,0.0,152.0,152.0,152.0,1.0,1.0,0.0,0.0
352,2.0,2.0,32.0,e,it,it_43,1.0,0.0,0.0,0.0,0.0,0.0,0.0,0.0
353,2.0,2.0,33.0,unità,it,it_43,0.0,165.0,165.0,274.0,1.0,2.0,0.0,1.0
354,2.0,2.0,34.0,tra,it,it_43,1.0,0.0,0.0,0.0,0.0,0.0,0.0,0.0
355,2.0,2.0,35.0,surfisti.,it,it_43,0.0,240.0,240.0,240.0,1.0,1.0,0.0,0.0
356,2.0,3.0,36.0,Secondo,it,it_43,0.0,225.0,225.0,225.0,1.0,1.0,0.0,0.0
357,2.0,3.0,37.0,la,it,it_43,1.0,0.0,0.0,0.0,0.0,0.0,0.0,0.0
358,2.0,3.0,38.0,leggenda,it,it_43,0.0,187.0,187.0,187.0,1.0,1.0,0.0,0.0
359,6.0,1.0,1.0,Il,it,it_43,0.0,162.0,162.0,162.0,1.0,1.0,0.0,0.0
360,6.0,1.0,2.0,monocolo,it,it_43,0.0,194.0,194.0,656.0,1.0,3.0,0.0,1.0
361,6.0,1.0,3.0,(a,it,it_43,1.0,0.0,0.0,0.0,0.0,0.0,0.0,0.0
362,6.0,1.0,4.0,volte,it,it_43,0.0,171.0,171.0,296.0,1.0,2.0,0.0,1.0
363,6.0,1.0,5.0,chiamato,it,it_43,0.0,125.0,125.0,552.0,1.0,3.0,0.0,1.0
364,6.0,1.0,6.0,anche,it,it_43,0.0,417.0,417.0,417.0,1.0,1.0,0.0,0.0
365,6.0,1.0,7.0,caramella),it,it_43,0.0,278.0,278.0,689.0,1.0,3.0,0.0,1.0
366,6.0,1.0,8.0,è,it,it_43,1.0,0.0,0.0,0.0,0.0,0.0,0.0,0.0
367,6.0,1.0,9.0,un,it,it_43,1.0,0.0,0.0,0.0,0.0,0.0,0.0,0.0
368,6.0,1.0,10.0,tipo,it,it_43,0.0,228.0,228.0,858.0,1.0,3.0,0.0,1.0
369,6.0,1.0,11.0,di,it,it_43,0.0,131.0,131.0,131.0,1.0,1.0,0.0,0.0
370,6.0,1.0,12.0,lente,it,it_43,0.0,284.0,284.0,284.0,1.0,1.0,0.0,0.0
371,6.0,1.0,13.0,utilizzata,it,it_43,0.0,231.0,392.0,392.0,2.0,2.0,1.0,0.0
372,6.0,1.0,14.0,per,it,it_43,1.0,0.0,0.0,0.0,0.0,0.0,0.0,0.0
373,6.0,1.0,15.0,correggere,it,it_43,0.0,291.0,291.0,526.0,1.0,2.0,0.0,1.0
374,6.0,1.0,16.0,o,it,it_43,1.0,0.0,0.0,0.0,0.0,0.0,0.0,0.0
375,6.0,1.0,17.0,migliorare,it,it_43,0.0,145.0,145.0,618.0,1.0,3.0,1.0,1.0
376,6.0,1.0,18.0,la,it,it_43,1.0,0.0,0.0,0.0,0.0,0.0,0.0,0.0
377,6.0,1.0,19.0,vista,it,it_43,0.0,108.0,108.0,108.0,1.0,1.0,0.0,0.0
378,6.0,1.0,20.0,di,it,it_43,1.0,0.0,0.0,0.0,0.0,0.0,0.0,0.0
379,6.0,1.0,21.0,un,it,it_43,0.0,253.0,253.0,253.0,1.0,1.0,0.0,0.0
380,6.0,1.0,22.0,solo,it,it_43,1.0,0.0,0.0,0.0,0.0,0.0,0.0,0.0
381,6.0,1.0,23.0,occhio.,it,it_43,0.0,129.0,129.0,129.0,1.0,1.0,0.0,0.0
382,6.0,2.0,24.0,È,it,it_43,1.0,0.0,0.0,0.0,0.0,0.0,0.0,0.0
383,6.0,2.0,25.0,costituito,it,it_43,0.0,234.0,234.0,509.0,1.0,2.0,0.0,1.0
384,6.0,2.0,26.0,da,it,it_43,1.0,0.0,0.0,0.0,0.0,0.0,0.0,0.0
385,6.0,2.0,27.0,una,it,it_43,0.0,202.0,202.0,626.0,1.0,2.0,0.0,1.0
386,6.0,2.0,28.0,lente,it,it_43,0.0,367.0,367.0,367.0,1.0,1.0,0.0,0.0
387,6.0,2.0,29.0,"circolare,",it,it_43,0.0,190.0,190.0,942.0,1.0,4.0,1.0,1.0
388,6.0,2.0,30.0,generalmente,it,it_43,0.0,186.0,186.0,186.0,1.0,1.0,0.0,0.0
389,6.0,2.0,31.0,con,it,it_43,1.0,0.0,0.0,0.0,0.0,0.0,0.0,0.0
390,6.0,2.0,32.0,una,it,it_43,0.0,528.0,528.0,528.0,1.0,1.0,0.0,0.0
391,6.0,2.0,33.0,sottile,it,it_43,0.0,224.0,224.0,224.0,1.0,1.0,0.0,0.0
392,6.0,2.0,34.0,montatura,it,it_43,0.0,361.0,361.0,541.0,1.0,2.0,0.0,1.0
393,6.0,2.0,35.0,intorno,it,it_43,0.0,624.0,624.0,624.0,1.0,1.0,0.0,0.0
394,6.0,2.0,36.0,alla,it,it_43,0.0,88.0,88.0,88.0,1.0,1.0,0.0,0.0
395,6.0,2.0,37.0,"circonferenza,",it,it_43,0.0,349.0,397.0,397.0,2.0,2.0,1.0,0.0
396,6.0,2.0,38.0,tipicamente,it,it_43,0.0,216.0,216.0,216.0,1.0,1.0,0.0,0.0
397,6.0,2.0,39.0,collegata,it,it_43,0.0,186.0,186.0,186.0,1.0,1.0,0.0,0.0
398,6.0,2.0,40.0,ad,it,it_43,1.0,0.0,0.0,0.0,0.0,0.0,0.0,0.0
399,6.0,2.0,41.0,un,it,it_43,0.0,385.0,385.0,385.0,1.0,1.0,0.0,0.0
400,6.0,2.0,42.0,cordino.,it,it_43,0.0,240.0,240.0,396.0,1.0,2.0,0.0,1.0
401,6.0,3.0,43.0,L'altra,it,it_43,0.0,227.0,227.0,227.0,1.0,1.0,0.0,0.0
402,6.0,3.0,44.0,estremità,it,it_43,0.0,336.0,336.0,336.0,1.0,1.0,0.0,0.0
403,6.0,3.0,45.0,di,it,it_43,1.0,0.0,0.0,0.0,0.0,0.0,0.0,0.0
404,6.0,3.0,46.0,quest’ultimo,it,it_43,0.0,340.0,517.0,517.0,2.0,2.0,1.0,0.0
405,6.0,3.0,47.0,è,it,it_43,1.0,0.0,0.0,0.0,0.0,0.0,0.0,0.0
406,6.0,3.0,48.0,poi,it,it_43,0.0,168.0,168.0,168.0,1.0,1.0,0.0,0.0
407,6.0,3.0,49.0,collegata,it,it_43,0.0,278.0,278.0,457.0,1.0,2.0,0.0,1.0
408,6.0,3.0,50.0,all'abbigliamento,it,it_43,0.0,254.0,447.0,447.0,2.0,2.0,1.0,0.0
409,6.0,3.0,51.0,di,it,it_43,1.0,0.0,0.0,0.0,0.0,0.0,0.0,0.0
410,6.0,3.0,52.0,chi,it,it_43,0.0,104.0,104.0,104.0,1.0,1.0,0.0,0.0
411,6.0,3.0,53.0,indossa,it,it_43,0.0,220.0,220.0,220.0,1.0,1.0,0.0,0.0
412,6.0,3.0,54.0,il,it,it_43,1.0,0.0,0.0,0.0,0.0,0.0,0.0,0.0
413,6.0,3.0,55.0,"monocolo,",it,it_43,0.0,303.0,303.0,303.0,1.0,1.0,0.0,0.0
414,6.0,3.0,56.0,per,it,it_43,0.0,192.0,192.0,192.0,1.0,1.0,0.0,0.0
415,6.0,3.0,57.0,evitare,it,it_43,0.0,280.0,280.0,894.0,1.0,2.0,0.0,1.0
416,6.0,3.0,58.0,di,it,it_43,1.0,0.0,0.0,0.0,0.0,0.0,0.0,0.0
417,6.0,3.0,59.0,perderlo.,it,it_43,0.0,218.0,218.0,383.0,1.0,2.0,0.0,1.0
418,6.0,4.0,60.0,Il,it,it_43,1.0,0.0,0.0,0.0,0.0,0.0,0.0,0.0
419,6.0,4.0,61.0,monocolo,it,it_43,0.0,164.0,331.0,545.0,2.0,3.0,1.0,1.0
420,6.0,4.0,62.0,si,it,it_43,1.0,0.0,0.0,0.0,0.0,0.0,0.0,0.0
421,6.0,4.0,63.0,indossa,it,it_43,0.0,246.0,246.0,379.0,1.0,2.0,0.0,1.0
422,6.0,4.0,64.0,incastrandolo,it,it_43,0.0,442.0,442.0,586.0,1.0,2.0,0.0,1.0
423,6.0,4.0,65.0,nell'orbita,it,it_43,0.0,373.0,373.0,656.0,1.0,3.0,1.0,1.0
424,6.0,4.0,66.0,dell'occhio.,it,it_43,0.0,154.0,154.0,627.0,1.0,3.0,0.0,1.0
425,6.0,5.0,67.0,Già,it,it_43,0.0,125.0,125.0,125.0,1.0,1.0,0.0,0.0
426,6.0,5.0,68.0,all’inizio,it,it_43,0.0,280.0,280.0,471.0,1.0,2.0,0.0,1.0
427,6.0,5.0,69.0,del,it,it_43,0.0,108.0,108.0,108.0,1.0,1.0,0.0,0.0
428,6.0,5.0,70.0,settecento,it,it_43,0.0,296.0,492.0,657.0,2.0,3.0,1.0,1.0
429,6.0,5.0,71.0,il,it,it_43,1.0,0.0,0.0,0.0,0.0,0.0,0.0,0.0
430,6.0,5.0,72.0,monocolo,it,it_43,0.0,242.0,242.0,242.0,1.0,1.0,0.0,0.0
431,6.0,5.0,73.0,veniva,it,it_43,0.0,470.0,470.0,625.0,1.0,2.0,0.0,1.0
432,6.0,5.0,74.0,utilizzato,it,it_43,0.0,224.0,224.0,224.0,1.0,1.0,0.0,0.0
433,6.0,5.0,75.0,per,it,it_43,1.0,0.0,0.0,0.0,0.0,0.0,0.0,0.0
434,6.0,5.0,76.0,esaminare,it,it_43,0.0,243.0,243.0,243.0,1.0,1.0,0.0,0.0
435,6.0,5.0,77.0,attentamente,it,it_43,0.0,233.0,233.0,233.0,1.0,1.0,0.0,0.0
436,6.0,5.0,78.0,incisioni,it,it_43,0.0,154.0,414.0,414.0,2.0,2.0,1.0,0.0
437,6.0,5.0,79.0,e,it,it_43,1.0,0.0,0.0,0.0,0.0,0.0,0.0,0.0
438,6.0,5.0,80.0,"gemme,",it,it_43,0.0,166.0,166.0,166.0,1.0,1.0,0.0,0.0
439,6.0,5.0,81.0,ma,it,it_43,1.0,0.0,0.0,0.0,0.0,0.0,0.0,0.0
440,6.0,5.0,82.0,non,it,it_43,0.0,262.0,262.0,262.0,1.0,1.0,0.0,0.0
441,6.0,5.0,83.0,diventerà,it,it_43,1.0,0.0,0.0,0.0,0.0,0.0,0.0,0.0
442,6.0,5.0,84.0,un,it,it_43,1.0,0.0,0.0,0.0,0.0,0.0,0.0,0.0
443,6.0,5.0,85.0,accessorio,it,it_43,0.0,239.0,239.0,239.0,1.0,1.0,0.0,0.0
444,6.0,5.0,86.0,di,it,it_43,1.0,0.0,0.0,0.0,0.0,0.0,0.0,0.0
445,6.0,5.0,87.0,moda,it,it_43,0.0,202.0,202.0,202.0,1.0,1.0,0.0,0.0
446,6.0,5.0,88.0,sino,it,it_43,1.0,0.0,0.0,0.0,0.0,0.0,0.0,0.0
447,6.0,5.0,89.0,al,it,it_43,1.0,0.0,0.0,0.0,0.0,0.0,0.0,0.0
448,6.0,5.0,90.0,diciannovesimo,it,it_43,0.0,176.0,354.0,354.0,2.0,2.0,1.0,0.0
449,6.0,5.0,91.0,secolo.,it,it_43,1.0,0.0,0.0,0.0,0.0,0.0,0.0,0.0
450,6.0,6.0,92.0,Sarà,it,it_43,0.0,220.0,267.0,267.0,2.0,2.0,1.0,0.0
451,6.0,6.0,93.0,infatti,it,it_43,0.0,224.0,224.0,224.0,1.0,1.0,0.0,0.0
452,6.0,6.0,94.0,introdotto,it,it_43,0.0,437.0,437.0,437.0,1.0,1.0,0.0,0.0
453,6.0,6.0,95.0,nella,it,it_43,0.0,211.0,211.0,211.0,1.0,1.0,0.0,0.0
454,6.0,6.0,96.0,moda,it,it_43,1.0,0.0,0.0,0.0,0.0,0.0,0.0,0.0
455,6.0,6.0,97.0,maschile,it,it_43,0.0,198.0,198.0,198.0,1.0,1.0,0.0,0.0
456,6.0,8.0,147.0,stato,it,it_43,0.0,203.0,203.0,203.0,1.0,1.0,0.0,0.0
457,6.0,8.0,148.0,quasi,it,it_43,0.0,233.0,233.0,233.0,1.0,1.0,0.0,0.0
458,6.0,8.0,149.0,completamente,it,it_43,0.0,194.0,194.0,194.0,1.0,1.0,0.0,0.0
459,6.0,8.0,150.0,abbandonato.,it,it_43,0.0,255.0,255.0,255.0,1.0,1.0,0.0,0.0
460,6.0,7.0,105.0,spesso,it,it_43,0.0,192.0,192.0,192.0,1.0,1.0,0.0,0.0
461,6.0,7.0,106.0,indicava,it,it_43,0.0,307.0,307.0,504.0,1.0,2.0,0.0,1.0
462,6.0,7.0,107.0,lo,it,it_43,1.0,0.0,0.0,0.0,0.0,0.0,0.0,0.0
463,6.0,7.0,108.0,stato,it,it_43,0.0,181.0,181.0,181.0,1.0,1.0,0.0,0.0
464,6.0,7.0,109.0,sociale,it,it_43,0.0,247.0,247.0,247.0,1.0,1.0,0.0,0.0
465,6.0,7.0,110.0,del,it,it_43,1.0,0.0,0.0,0.0,0.0,0.0,0.0,0.0
466,6.0,7.0,111.0,suo,it,it_43,0.0,125.0,125.0,125.0,1.0,1.0,0.0,0.0
467,6.0,7.0,112.0,"indossatore,",it,it_43,0.0,198.0,198.0,198.0,1.0,1.0,0.0,0.0
468,6.0,6.0,99.0,l'arrivo,it,it_43,0.0,308.0,409.0,409.0,2.0,2.0,1.0,0.0
469,6.0,6.0,100.0,del,it,it_43,1.0,0.0,0.0,0.0,0.0,0.0,0.0,0.0
470,6.0,6.0,101.0,dandysmo.,it,it_43,0.0,276.0,276.0,362.0,1.0,2.0,0.0,1.0
471,6.0,7.0,102.0,Il,it,it_43,1.0,0.0,0.0,0.0,0.0,0.0,0.0,0.0
472,6.0,7.0,103.0,suo,it,it_43,0.0,276.0,276.0,484.0,1.0,2.0,0.0,1.0
473,6.0,7.0,104.0,utilizzo,it,it_43,0.0,206.0,206.0,206.0,1.0,1.0,0.0,0.0
474,6.0,7.0,113.0,o,it,it_43,1.0,0.0,0.0,0.0,0.0,0.0,0.0,0.0
475,6.0,7.0,114.0,semplicemente,it,it_43,0.0,214.0,214.0,214.0,1.0,1.0,0.0,0.0
476,6.0,7.0,115.0,era,it,it_43,1.0,0.0,0.0,0.0,0.0,0.0,0.0,0.0
477,6.0,7.0,116.0,una,it,it_43,0.0,265.0,265.0,265.0,1.0,1.0,0.0,0.0
478,6.0,7.0,117.0,forma,it,it_43,1.0,0.0,0.0,0.0,0.0,0.0,0.0,0.0
479,6.0,7.0,118.0,di,it,it_43,1.0,0.0,0.0,0.0,0.0,0.0,0.0,0.0
480,6.0,7.0,119.0,eleganza,it,it_43,0.0,240.0,240.0,240.0,1.0,1.0,0.0,0.0
481,6.0,7.0,120.0,e,it,it_43,1.0,0.0,0.0,0.0,0.0,0.0,0.0,0.0
482,6.0,7.0,121.0,per,it,it_43,1.0,0.0,0.0,0.0,0.0,0.0,0.0,0.0
483,6.0,7.0,122.0,tale,it,it_43,0.0,316.0,316.0,316.0,1.0,1.0,0.0,0.0
484,6.0,7.0,123.0,motivo,it,it_43,1.0,0.0,0.0,0.0,0.0,0.0,0.0,0.0
485,6.0,7.0,124.0,divenne,it,it_43,0.0,156.0,156.0,156.0,1.0,1.0,0.0,0.0
486,6.0,7.0,125.0,spesso,it,it_43,0.0,148.0,148.0,148.0,1.0,1.0,0.0,0.0
487,6.0,7.0,126.0,principale,it,it_43,0.0,158.0,343.0,596.0,2.0,3.0,1.0,1.0
488,6.0,7.0,127.0,oggetto,it,it_43,0.0,262.0,262.0,262.0,1.0,1.0,0.0,0.0
489,6.0,8.0,140.0,con,it,it_43,1.0,0.0,0.0,0.0,0.0,0.0,0.0,0.0
490,6.0,6.0,98.0,con,it,it_43,1.0,0.0,0.0,0.0,0.0,0.0,0.0,0.0
491,6.0,7.0,128.0,di,it,it_43,0.0,212.0,212.0,212.0,1.0,1.0,0.0,0.0
492,6.0,7.0,129.0,caricatura.,it,it_43,0.0,199.0,199.0,199.0,1.0,1.0,0.0,0.0
493,6.0,8.0,130.0,Fu,it,it_43,1.0,0.0,0.0,0.0,0.0,0.0,0.0,0.0
494,6.0,8.0,131.0,parzialmente,it,it_43,0.0,177.0,215.0,423.0,2.0,3.0,1.0,1.0
495,6.0,8.0,132.0,adottato,it,it_43,0.0,223.0,223.0,223.0,1.0,1.0,0.0,0.0
496,6.0,8.0,133.0,all'inizio,it,it_43,0.0,178.0,178.0,481.0,1.0,2.0,0.0,1.0
497,6.0,8.0,134.0,del,it,it_43,1.0,0.0,0.0,0.0,0.0,0.0,0.0,0.0
498,6.0,8.0,135.0,novecento,it,it_43,0.0,284.0,284.0,284.0,1.0,1.0,0.0,0.0
499,6.0,8.0,136.0,anche,it,it_43,0.0,154.0,154.0,154.0,1.0,1.0,0.0,0.0
500,6.0,8.0,137.0,dalle,it,it_43,0.0,223.0,223.0,223.0,1.0,1.0,0.0,0.0
501,6.0,8.0,138.0,"donne,",it,it_43,1.0,0.0,0.0,0.0,0.0,0.0,0.0,0.0
502,6.0,8.0,139.0,ma,it,it_43,1.0,0.0,0.0,0.0,0.0,0.0,0.0,0.0
503,6.0,8.0,141.0,il,it,it_43,0.0,204.0,204.0,204.0,1.0,1.0,0.0,0.0
504,6.0,8.0,142.0,tempo,it,it_43,0.0,273.0,273.0,417.0,1.0,2.0,0.0,1.0
505,6.0,8.0,143.0,il,it,it_43,0.0,91.0,91.0,91.0,1.0,1.0,0.0,0.0
506,6.0,8.0,144.0,suo,it,it_43,0.0,206.0,206.0,206.0,1.0,1.0,0.0,0.0
507,6.0,8.0,145.0,utilizzo,it,it_43,0.0,185.0,185.0,406.0,1.0,3.0,0.0,1.0
508,6.0,8.0,146.0,è,it,it_43,1.0,0.0,0.0,0.0,0.0,0.0,0.0,0.0
509,7.0,8.0,196.0,può,it,it_43,0.0,70.0,70.0,70.0,1.0,1.0,0.0,0.0
510,7.0,8.0,197.0,anche,it,it_43,1.0,0.0,0.0,0.0,0.0,0.0,0.0,0.0
511,7.0,8.0,198.0,comportare,it,it_43,0.0,193.0,193.0,193.0,1.0,1.0,0.0,0.0
512,7.0,8.0,199.0,il,it,it_43,1.0,0.0,0.0,0.0,0.0,0.0,0.0,0.0
513,7.0,8.0,200.0,servire,it,it_43,0.0,226.0,226.0,226.0,1.0,1.0,0.0,0.0
514,7.0,8.0,201.0,il,it,it_43,1.0,0.0,0.0,0.0,0.0,0.0,0.0,0.0
515,7.0,8.0,202.0,vino,it,it_43,0.0,164.0,164.0,164.0,1.0,1.0,0.0,0.0
516,7.0,8.0,203.0,da,it,it_43,1.0,0.0,0.0,0.0,0.0,0.0,0.0,0.0
517,7.0,8.0,204.0,un,it,it_43,0.0,180.0,180.0,482.0,1.0,2.0,0.0,1.0
518,7.0,8.0,205.0,bicchiere,it,it_43,0.0,52.0,52.0,174.0,1.0,2.0,0.0,1.0
519,7.0,8.0,206.0,"nero,",it,it_43,0.0,223.0,223.0,377.0,1.0,2.0,0.0,1.0
520,7.0,8.0,207.0,al,it,it_43,0.0,166.0,166.0,166.0,1.0,1.0,0.0,0.0
521,7.0,8.0,208.0,fine,it,it_43,0.0,141.0,141.0,141.0,1.0,1.0,0.0,0.0
522,7.0,8.0,209.0,di,it,it_43,1.0,0.0,0.0,0.0,0.0,0.0,0.0,0.0
523,7.0,8.0,210.0,mascherarne,it,it_43,0.0,154.0,288.0,588.0,3.0,4.0,1.0,1.0
524,7.0,8.0,211.0,il,it,it_43,0.0,570.0,570.0,570.0,1.0,1.0,0.0,0.0
525,7.0,8.0,212.0,colore.,it,it_43,1.0,0.0,0.0,0.0,0.0,0.0,0.0,0.0
526,7.0,2.0,40.0,tardo,it,it_43,0.0,370.0,701.0,701.0,2.0,2.0,1.0,0.0
527,7.0,2.0,41.0,Medioevo.,it,it_43,1.0,0.0,0.0,0.0,0.0,0.0,0.0,0.0
528,7.0,3.0,42.0,"Oggi,",it,it_43,0.0,196.0,196.0,196.0,1.0,1.0,0.0,0.0
529,7.0,3.0,43.0,gli,it,it_43,1.0,0.0,0.0,0.0,0.0,0.0,0.0,0.0
530,7.0,3.0,44.0,assaggiatori,it,it_43,0.0,328.0,500.0,500.0,2.0,2.0,1.0,0.0
531,7.0,3.0,45.0,di,it,it_43,1.0,0.0,0.0,0.0,0.0,0.0,0.0,0.0
532,7.0,3.0,46.0,vino,it,it_43,1.0,0.0,0.0,0.0,0.0,0.0,0.0,0.0
533,7.0,3.0,47.0,professionali,it,it_43,0.0,225.0,436.0,436.0,2.0,2.0,1.0,0.0
534,7.0,3.0,48.0,utilizzano,it,it_43,0.0,183.0,515.0,515.0,2.0,2.0,1.0,0.0
535,7.0,3.0,49.0,una,it,it_43,0.0,168.0,168.0,168.0,1.0,1.0,0.0,0.0
536,7.0,3.0,50.0,terminologia,it,it_43,0.0,131.0,318.0,318.0,2.0,2.0,1.0,0.0
537,7.0,3.0,51.0,"specializzata,",it,it_43,0.0,248.0,248.0,248.0,1.0,1.0,0.0,0.0
538,7.0,3.0,52.0,in,it,it_43,1.0,0.0,0.0,0.0,0.0,0.0,0.0,0.0
539,7.0,3.0,53.0,continua,it,it_43,0.0,224.0,322.0,322.0,2.0,2.0,1.0,0.0
540,7.0,3.0,54.0,"evoluzione,",it,it_43,0.0,101.0,101.0,101.0,1.0,1.0,0.0,0.0
541,7.0,3.0,55.0,che,it,it_43,1.0,0.0,0.0,0.0,0.0,0.0,0.0,0.0
542,7.0,3.0,56.0,serve,it,it_43,0.0,220.0,220.0,220.0,1.0,1.0,0.0,0.0
543,7.0,3.0,57.0,a,it,it_43,1.0,0.0,0.0,0.0,0.0,0.0,0.0,0.0
544,7.0,3.0,58.0,descrivere,it,it_43,0.0,203.0,203.0,203.0,1.0,1.0,0.0,0.0
545,7.0,3.0,59.0,la,it,it_43,1.0,0.0,0.0,0.0,0.0,0.0,0.0,0.0
546,7.0,3.0,60.0,gamma,it,it_43,0.0,199.0,199.0,199.0,1.0,1.0,0.0,0.0
547,7.0,3.0,61.0,di,it,it_43,1.0,0.0,0.0,0.0,0.0,0.0,0.0,0.0
548,7.0,3.0,62.0,"sapori,",it,it_43,0.0,228.0,228.0,228.0,1.0,1.0,0.0,0.0
549,7.0,3.0,63.0,aromi,it,it_43,0.0,334.0,334.0,334.0,1.0,1.0,0.0,0.0
550,7.0,3.0,64.0,e,it,it_43,0.0,248.0,248.0,248.0,1.0,1.0,0.0,0.0
551,7.0,3.0,65.0,caratteristiche,it,it_43,0.0,223.0,223.0,223.0,1.0,1.0,0.0,0.0
552,7.0,3.0,66.0,generali,it,it_43,0.0,241.0,241.0,241.0,1.0,1.0,0.0,0.0
553,7.0,3.0,67.0,percepita,it,it_43,0.0,228.0,228.0,228.0,1.0,1.0,0.0,0.0
554,7.0,3.0,68.0,in,it,it_43,1.0,0.0,0.0,0.0,0.0,0.0,0.0,0.0
555,7.0,3.0,69.0,un,it,it_43,1.0,0.0,0.0,0.0,0.0,0.0,0.0,0.0
556,7.0,3.0,70.0,vino.,it,it_43,0.0,183.0,183.0,183.0,1.0,1.0,0.0,0.0
557,7.0,4.0,71.0,Negli,it,it_43,1.0,0.0,0.0,0.0,0.0,0.0,0.0,0.0
558,7.0,4.0,72.0,ultimi,it,it_43,0.0,177.0,238.0,238.0,2.0,2.0,1.0,0.0
559,7.0,4.0,73.0,anni,it,it_43,1.0,0.0,0.0,0.0,0.0,0.0,0.0,0.0
560,7.0,4.0,74.0,sono,it,it_43,1.0,0.0,0.0,0.0,0.0,0.0,0.0,0.0
561,7.0,2.0,18.0,pratica,it,it_43,0.0,232.0,432.0,432.0,2.0,2.0,1.0,0.0
562,7.0,2.0,19.0,della,it,it_43,0.0,135.0,135.0,135.0,1.0,1.0,0.0,0.0
563,7.0,2.0,20.0,degustazione,it,it_43,0.0,130.0,289.0,289.0,2.0,2.0,1.0,0.0
564,7.0,2.0,21.0,del,it,it_43,1.0,0.0,0.0,0.0,0.0,0.0,0.0,0.0
565,7.0,2.0,22.0,vino,it,it_43,1.0,0.0,0.0,0.0,0.0,0.0,0.0,0.0
566,7.0,2.0,23.0,è,it,it_43,0.0,322.0,322.0,322.0,1.0,1.0,0.0,0.0
567,7.0,2.0,24.0,antica,it,it_43,0.0,199.0,199.0,199.0,1.0,1.0,0.0,0.0
568,7.0,2.0,25.0,quanto,it,it_43,0.0,172.0,172.0,172.0,1.0,1.0,0.0,0.0
569,7.0,2.0,26.0,la,it,it_43,1.0,0.0,0.0,0.0,0.0,0.0,0.0,0.0
570,7.0,2.0,27.0,sua,it,it_43,0.0,329.0,329.0,419.0,1.0,2.0,0.0,1.0
571,7.0,2.0,28.0,"produzione,",it,it_43,0.0,338.0,338.0,338.0,1.0,1.0,0.0,0.0
572,7.0,2.0,29.0,una,it,it_43,0.0,190.0,190.0,190.0,1.0,1.0,0.0,0.0
573,7.0,2.0,30.0,metodologia,it,it_43,0.0,296.0,296.0,296.0,1.0,1.0,0.0,0.0
574,7.0,2.0,31.0,più,it,it_43,0.0,159.0,159.0,159.0,1.0,1.0,0.0,0.0
575,7.0,2.0,32.0,formale,it,it_43,0.0,207.0,207.0,401.0,1.0,2.0,0.0,1.0
576,7.0,2.0,33.0,è,it,it_43,1.0,0.0,0.0,0.0,0.0,0.0,0.0,0.0
577,7.0,2.0,34.0,andata,it,it_43,0.0,470.0,470.0,624.0,1.0,2.0,0.0,1.0
578,7.0,2.0,35.0,lentamente,it,it_43,0.0,398.0,398.0,398.0,1.0,1.0,0.0,0.0
579,7.0,2.0,36.0,affermandosi,it,it_43,0.0,319.0,511.0,511.0,2.0,2.0,1.0,0.0
580,7.0,2.0,37.0,a,it,it_43,1.0,0.0,0.0,0.0,0.0,0.0,0.0,0.0
581,7.0,2.0,38.0,partire,it,it_43,0.0,244.0,244.0,244.0,1.0,1.0,0.0,0.0
582,7.0,2.0,39.0,dal,it,it_43,0.0,162.0,162.0,162.0,1.0,1.0,0.0,0.0
583,7.0,1.0,1.0,La,it,it_43,0.0,155.0,155.0,155.0,1.0,1.0,0.0,0.0
584,7.0,1.0,2.0,degustazione,it,it_43,0.0,162.0,162.0,744.0,1.0,3.0,1.0,1.0
585,7.0,1.0,3.0,del,it,it_43,1.0,0.0,0.0,0.0,0.0,0.0,0.0,0.0
586,7.0,1.0,4.0,vino,it,it_43,0.0,121.0,121.0,121.0,1.0,1.0,0.0,0.0
587,7.0,1.0,5.0,è,it,it_43,0.0,188.0,188.0,188.0,1.0,1.0,0.0,0.0
588,7.0,1.0,6.0,l'esame,it,it_43,0.0,189.0,189.0,189.0,1.0,1.0,0.0,0.0
589,7.0,1.0,7.0,e,it,it_43,1.0,0.0,0.0,0.0,0.0,0.0,0.0,0.0
590,7.0,1.0,8.0,la,it,it_43,1.0,0.0,0.0,0.0,0.0,0.0,0.0,0.0
591,7.0,1.0,9.0,valutazione,it,it_43,0.0,200.0,420.0,420.0,2.0,2.0,1.0,0.0
592,7.0,1.0,10.0,del,it,it_43,1.0,0.0,0.0,0.0,0.0,0.0,0.0,0.0
593,7.0,1.0,11.0,vino,it,it_43,0.0,217.0,217.0,217.0,1.0,1.0,0.0,0.0
594,7.0,1.0,12.0,attraverso,it,it_43,0.0,216.0,216.0,472.0,1.0,2.0,0.0,1.0
595,7.0,1.0,13.0,i,it,it_43,1.0,0.0,0.0,0.0,0.0,0.0,0.0,0.0
596,7.0,1.0,14.0,sensi.,it,it_43,0.0,175.0,175.0,377.0,1.0,2.0,0.0,1.0
597,7.0,2.0,15.0,Anche,it,it_43,1.0,0.0,0.0,0.0,0.0,0.0,0.0,0.0
598,7.0,2.0,16.0,se,it,it_43,0.0,185.0,185.0,185.0,1.0,1.0,0.0,0.0
599,7.0,2.0,17.0,la,it,it_43,1.0,0.0,0.0,0.0,0.0,0.0,0.0,0.0
600,7.0,4.0,75.0,stati,it,it_43,0.0,227.0,227.0,287.0,1.0,2.0,0.0,1.0
601,7.0,4.0,76.0,riportati,it,it_43,0.0,181.0,181.0,181.0,1.0,1.0,0.0,0.0
602,7.0,4.0,77.0,risultati,it,it_43,0.0,214.0,214.0,214.0,1.0,1.0,0.0,0.0
603,7.0,4.0,78.0,scientifici,it,it_43,0.0,167.0,167.0,167.0,1.0,1.0,0.0,0.0
604,7.0,4.0,79.0,che,it,it_43,0.0,95.0,95.0,95.0,1.0,1.0,0.0,0.0
605,7.0,4.0,80.0,mettono,it,it_43,0.0,89.0,89.0,89.0,1.0,1.0,0.0,0.0
606,7.0,4.0,81.0,in,it,it_43,0.0,139.0,139.0,139.0,1.0,1.0,0.0,0.0
607,7.0,4.0,82.0,dubbio,it,it_43,0.0,130.0,130.0,130.0,1.0,1.0,0.0,0.0
608,7.0,4.0,83.0,l'affidabilità,it,it_43,0.0,224.0,224.0,224.0,1.0,1.0,0.0,0.0
609,7.0,4.0,84.0,dei,it,it_43,1.0,0.0,0.0,0.0,0.0,0.0,0.0,0.0
610,7.0,4.0,85.0,degustatori,it,it_43,0.0,220.0,220.0,366.0,1.0,2.0,0.0,1.0
611,7.0,4.0,86.0,di,it,it_43,1.0,0.0,0.0,0.0,0.0,0.0,0.0,0.0
612,7.0,4.0,87.0,"vino,",it,it_43,0.0,182.0,182.0,182.0,1.0,1.0,0.0,0.0
613,7.0,4.0,88.0,sia,it,it_43,1.0,0.0,0.0,0.0,0.0,0.0,0.0,0.0
614,7.0,4.0,89.0,esperti,it,it_43,0.0,201.0,201.0,369.0,1.0,2.0,0.0,1.0
615,7.0,4.0,90.0,che,it,it_43,1.0,0.0,0.0,0.0,0.0,0.0,0.0,0.0
616,7.0,4.0,91.0,consumatori.,it,it_43,0.0,313.0,435.0,435.0,2.0,2.0,1.0,0.0
617,7.0,5.0,92.0,Ad,it,it_43,1.0,0.0,0.0,0.0,0.0,0.0,0.0,0.0
618,7.0,5.0,93.0,"esempio,",it,it_43,0.0,214.0,214.0,214.0,1.0,1.0,0.0,0.0
619,7.0,5.0,94.0,studi,it,it_43,0.0,311.0,311.0,311.0,1.0,1.0,0.0,0.0
620,7.0,5.0,95.0,hanno,it,it_43,1.0,0.0,0.0,0.0,0.0,0.0,0.0,0.0
621,7.0,5.0,96.0,dimostrato,it,it_43,0.0,182.0,182.0,182.0,1.0,1.0,0.0,0.0
622,7.0,5.0,97.0,che,it,it_43,1.0,0.0,0.0,0.0,0.0,0.0,0.0,0.0
623,7.0,5.0,98.0,le,it,it_43,1.0,0.0,0.0,0.0,0.0,0.0,0.0,0.0
624,7.0,6.0,146.0,giudizio,it,it_43,0.0,171.0,171.0,171.0,1.0,1.0,0.0,0.0
625,7.0,6.0,147.0,degli,it,it_43,0.0,148.0,148.0,148.0,1.0,1.0,0.0,0.0
626,7.0,6.0,148.0,assaggiatori,it,it_43,0.0,199.0,199.0,386.0,1.0,2.0,0.0,1.0
627,7.0,6.0,149.0,può,it,it_43,1.0,0.0,0.0,0.0,0.0,0.0,0.0,0.0
628,7.0,6.0,150.0,essere,it,it_43,0.0,262.0,262.0,262.0,1.0,1.0,0.0,0.0
629,7.0,6.0,151.0,influenzato,it,it_43,0.0,124.0,124.0,326.0,1.0,2.0,0.0,1.0
630,7.0,6.0,152.0,dalla,it,it_43,1.0,0.0,0.0,0.0,0.0,0.0,0.0,0.0
631,7.0,6.0,153.0,conoscenza,it,it_43,0.0,444.0,668.0,668.0,2.0,2.0,1.0,0.0
632,7.0,6.0,154.0,dei,it,it_43,0.0,243.0,243.0,243.0,1.0,1.0,0.0,0.0
633,7.0,6.0,155.0,dettagli,it,it_43,0.0,210.0,210.0,210.0,1.0,1.0,0.0,0.0
634,7.0,6.0,156.0,di,it,it_43,0.0,122.0,122.0,122.0,1.0,1.0,0.0,0.0
635,7.0,6.0,157.0,un,it,it_43,0.0,215.0,215.0,215.0,1.0,1.0,0.0,0.0
636,7.0,6.0,158.0,"vino,",it,it_43,1.0,0.0,0.0,0.0,0.0,0.0,0.0,0.0
637,7.0,6.0,159.0,come,it,it_43,1.0,0.0,0.0,0.0,0.0,0.0,0.0,0.0
638,7.0,6.0,160.0,la,it,it_43,0.0,209.0,209.0,209.0,1.0,1.0,0.0,0.0
639,7.0,6.0,161.0,sua,it,it_43,1.0,0.0,0.0,0.0,0.0,0.0,0.0,0.0
640,7.0,6.0,162.0,origine,it,it_43,0.0,227.0,227.0,227.0,1.0,1.0,0.0,0.0
641,7.0,6.0,163.0,geografica,it,it_43,0.0,295.0,295.0,295.0,1.0,1.0,0.0,0.0
642,7.0,6.0,164.0,o,it,it_43,1.0,0.0,0.0,0.0,0.0,0.0,0.0,0.0
643,7.0,6.0,165.0,reputazione.,it,it_43,0.0,275.0,275.0,275.0,1.0,1.0,0.0,0.0
644,7.0,7.0,166.0,Una,it,it_43,1.0,0.0,0.0,0.0,0.0,0.0,0.0,0.0
645,7.0,7.0,167.0,degustazione,it,it_43,0.0,179.0,279.0,279.0,2.0,2.0,1.0,0.0
646,7.0,7.0,168.0,oggettiva,it,it_43,0.0,228.0,228.0,372.0,1.0,2.0,0.0,1.0
647,7.0,7.0,169.0,richiede,it,it_43,0.0,261.0,261.0,261.0,1.0,1.0,0.0,0.0
648,7.0,7.0,170.0,quindi,it,it_43,0.0,253.0,1139.0,1139.0,3.0,3.0,1.0,0.0
649,7.0,7.0,171.0,che,it,it_43,1.0,0.0,0.0,0.0,0.0,0.0,0.0,0.0
650,7.0,7.0,172.0,il,it,it_43,1.0,0.0,0.0,0.0,0.0,0.0,0.0,0.0
651,7.0,7.0,173.0,vino,it,it_43,0.0,175.0,175.0,175.0,1.0,1.0,0.0,0.0
652,7.0,7.0,174.0,da,it,it_43,1.0,0.0,0.0,0.0,0.0,0.0,0.0,0.0
653,7.0,7.0,175.0,giudicare,it,it_43,0.0,114.0,114.0,293.0,1.0,2.0,0.0,1.0
654,7.0,7.0,176.0,sia,it,it_43,0.0,394.0,394.0,394.0,1.0,1.0,0.0,0.0
655,7.0,7.0,177.0,servito,it,it_43,1.0,0.0,0.0,0.0,0.0,0.0,0.0,0.0
656,7.0,7.0,178.0,“alla,it,it_43,0.0,265.0,265.0,265.0,1.0,1.0,0.0,0.0
657,7.0,7.0,179.0,"cieca”,",it,it_43,0.0,212.0,212.0,212.0,1.0,1.0,0.0,0.0
658,7.0,7.0,180.0,cioè,it,it_43,0.0,189.0,189.0,189.0,1.0,1.0,0.0,0.0
659,7.0,7.0,181.0,senza,it,it_43,1.0,0.0,0.0,0.0,0.0,0.0,0.0,0.0
660,7.0,7.0,182.0,che,it,it_43,1.0,0.0,0.0,0.0,0.0,0.0,0.0,0.0
661,7.0,7.0,183.0,l'assaggiatore,it,it_43,0.0,365.0,365.0,365.0,1.0,1.0,0.0,0.0
662,7.0,7.0,184.0,abbia,it,it_43,1.0,0.0,0.0,0.0,0.0,0.0,0.0,0.0
663,7.0,7.0,185.0,visto,it,it_43,0.0,251.0,251.0,251.0,1.0,1.0,0.0,0.0
664,7.0,7.0,186.0,l'etichetta,it,it_43,0.0,230.0,354.0,354.0,2.0,2.0,1.0,0.0
665,7.0,7.0,187.0,o,it,it_43,1.0,0.0,0.0,0.0,0.0,0.0,0.0,0.0
666,7.0,7.0,188.0,la,it,it_43,1.0,0.0,0.0,0.0,0.0,0.0,0.0,0.0
667,7.0,7.0,189.0,forma,it,it_43,0.0,774.0,1501.0,1501.0,3.0,3.0,1.0,0.0
668,7.0,7.0,190.0,della,it,it_43,0.0,191.0,191.0,191.0,1.0,1.0,0.0,0.0
669,7.0,7.0,191.0,bottiglia.,it,it_43,0.0,145.0,145.0,145.0,1.0,1.0,0.0,0.0
670,7.0,8.0,192.0,La,it,it_43,1.0,0.0,0.0,0.0,0.0,0.0,0.0,0.0
671,7.0,8.0,193.0,degustazione,it,it_43,0.0,235.0,235.0,235.0,1.0,1.0,0.0,0.0
672,7.0,8.0,194.0,alla,it,it_43,0.0,213.0,213.0,213.0,1.0,1.0,0.0,0.0
673,7.0,8.0,195.0,cieca,it,it_43,1.0,0.0,0.0,0.0,0.0,0.0,0.0,0.0
674,7.0,5.0,99.0,persone,it,it_43,0.0,213.0,213.0,213.0,1.0,1.0,0.0,0.0
675,7.0,5.0,100.0,si,it,it_43,1.0,0.0,0.0,0.0,0.0,0.0,0.0,0.0
676,7.0,5.0,101.0,aspettano,it,it_43,0.0,211.0,211.0,211.0,1.0,1.0,0.0,0.0
677,7.0,5.0,102.0,che,it,it_43,1.0,0.0,0.0,0.0,0.0,0.0,0.0,0.0
678,7.0,5.0,103.0,vini,it,it_43,0.0,201.0,201.0,201.0,1.0,1.0,0.0,0.0
679,7.0,5.0,104.0,più,it,it_43,1.0,0.0,0.0,0.0,0.0,0.0,0.0,0.0
680,7.0,5.0,105.0,costosi,it,it_43,0.0,170.0,263.0,263.0,2.0,2.0,1.0,0.0
681,7.0,5.0,106.0,abbiano,it,it_43,1.0,0.0,0.0,0.0,0.0,0.0,0.0,0.0
682,7.0,5.0,107.0,caratteristiche,it,it_43,0.0,171.0,308.0,308.0,2.0,2.0,1.0,0.0
683,7.0,5.0,108.0,più,it,it_43,1.0,0.0,0.0,0.0,0.0,0.0,0.0,0.0
684,7.0,5.0,109.0,desiderabili,it,it_43,0.0,271.0,271.0,271.0,1.0,1.0,0.0,0.0
685,7.0,5.0,110.0,rispetto,it,it_43,0.0,248.0,248.0,248.0,1.0,1.0,0.0,0.0
686,7.0,5.0,111.0,a,it,it_43,1.0,0.0,0.0,0.0,0.0,0.0,0.0,0.0
687,7.0,5.0,112.0,vini,it,it_43,1.0,0.0,0.0,0.0,0.0,0.0,0.0,0.0
688,7.0,5.0,113.0,meno,it,it_43,0.0,165.0,355.0,355.0,2.0,2.0,1.0,0.0
689,7.0,5.0,114.0,costosi:,it,it_43,1.0,0.0,0.0,0.0,0.0,0.0,0.0,0.0
690,7.0,5.0,115.0,quando,it,it_43,0.0,169.0,169.0,169.0,1.0,1.0,0.0,0.0
691,7.0,5.0,116.0,agli,it,it_43,1.0,0.0,0.0,0.0,0.0,0.0,0.0,0.0
692,7.0,5.0,117.0,assaggiatori,it,it_43,0.0,217.0,217.0,217.0,1.0,1.0,0.0,0.0
693,7.0,5.0,118.0,vengono,it,it_43,0.0,62.0,62.0,62.0,1.0,1.0,0.0,0.0
694,7.0,5.0,119.0,proposti,it,it_43,0.0,405.0,405.0,405.0,1.0,1.0,0.0,0.0
695,7.0,5.0,120.0,vini,it,it_43,0.0,267.0,267.0,267.0,1.0,1.0,0.0,0.0
696,7.0,5.0,121.0,indicati,it,it_43,0.0,279.0,279.0,279.0,1.0,1.0,0.0,0.0
697,7.0,5.0,122.0,come,it,it_43,0.0,188.0,188.0,188.0,1.0,1.0,0.0,0.0
698,7.0,5.0,123.0,"costosi,",it,it_43,0.0,361.0,361.0,361.0,1.0,1.0,0.0,0.0
699,7.0,5.0,124.0,questi,it,it_43,0.0,170.0,170.0,170.0,1.0,1.0,0.0,0.0
700,7.0,5.0,125.0,vengono,it,it_43,0.0,216.0,498.0,498.0,2.0,2.0,1.0,0.0
701,7.0,5.0,126.0,praticamente,it,it_43,0.0,159.0,345.0,345.0,2.0,2.0,1.0,0.0
702,7.0,5.0,127.0,sempre,it,it_43,0.0,218.0,218.0,218.0,1.0,1.0,0.0,0.0
703,7.0,5.0,128.0,considerati,it,it_43,0.0,372.0,372.0,372.0,1.0,1.0,0.0,0.0
704,7.0,5.0,129.0,come,it,it_43,1.0,0.0,0.0,0.0,0.0,0.0,0.0,0.0
705,7.0,5.0,130.0,aventi,it,it_43,0.0,344.0,344.0,344.0,1.0,1.0,0.0,0.0
706,7.0,5.0,131.0,un,it,it_43,1.0,0.0,0.0,0.0,0.0,0.0,0.0,0.0
707,7.0,5.0,132.0,miglior,it,it_43,0.0,282.0,282.0,470.0,1.0,2.0,0.0,1.0
708,7.0,5.0,133.0,sapore,it,it_43,0.0,113.0,113.0,113.0,1.0,1.0,0.0,0.0
709,7.0,5.0,134.0,rispetto,it,it_43,0.0,189.0,189.0,426.0,1.0,2.0,0.0,1.0
710,7.0,5.0,135.0,agli,it,it_43,0.0,203.0,203.0,203.0,1.0,1.0,0.0,0.0
711,7.0,5.0,136.0,stessi,it,it_43,0.0,182.0,182.0,182.0,1.0,1.0,0.0,0.0
712,7.0,5.0,137.0,vini,it,it_43,1.0,0.0,0.0,0.0,0.0,0.0,0.0,0.0
713,7.0,5.0,138.0,presentati,it,it_43,0.0,228.0,869.0,1195.0,4.0,5.0,1.0,1.0
714,7.0,5.0,139.0,come,it,it_43,0.0,207.0,207.0,207.0,1.0,1.0,0.0,0.0
715,7.0,5.0,140.0,economici.,it,it_43,0.0,171.0,360.0,360.0,2.0,2.0,1.0,0.0
716,7.0,6.0,141.0,Altri,it,it_43,0.0,163.0,163.0,163.0,1.0,1.0,0.0,0.0
717,7.0,6.0,142.0,studi,it,it_43,0.0,189.0,189.0,189.0,1.0,1.0,0.0,0.0
718,7.0,6.0,143.0,dimostrano,it,it_43,0.0,252.0,252.0,478.0,1.0,2.0,0.0,1.0
719,7.0,6.0,144.0,che,it,it_43,1.0,0.0,0.0,0.0,0.0,0.0,0.0,0.0
720,7.0,6.0,145.0,il,it,it_43,0.0,193.0,193.0,193.0,1.0,1.0,0.0,0.0
721,8.0,3.0,51.0,"e,",it,it_43,1.0,0.0,0.0,0.0,0.0,0.0,0.0,0.0
722,8.0,3.0,52.0,quando,it,it_43,1.0,0.0,0.0,0.0,0.0,0.0,0.0,0.0
723,8.0,3.0,53.0,viene,it,it_43,0.0,233.0,233.0,392.0,1.0,2.0,0.0,1.0
724,8.0,3.0,54.0,spremuta,it,it_43,0.0,285.0,285.0,285.0,1.0,1.0,0.0,0.0
725,8.0,3.0,55.0,"fresca,",it,it_43,1.0,0.0,0.0,0.0,0.0,0.0,0.0,0.0
726,8.0,3.0,56.0,il,it,it_43,1.0,0.0,0.0,0.0,0.0,0.0,0.0,0.0
727,8.0,3.0,57.0,succo,it,it_43,0.0,236.0,236.0,236.0,1.0,1.0,0.0,0.0
728,8.0,3.0,58.0,presenta,it,it_43,0.0,286.0,354.0,354.0,2.0,2.0,1.0,0.0
729,8.0,3.0,59.0,un,it,it_43,1.0,0.0,0.0,0.0,0.0,0.0,0.0,0.0
730,8.0,3.0,60.0,sapore,it,it_43,0.0,177.0,177.0,340.0,1.0,2.0,0.0,1.0
731,8.0,3.0,61.0,pizzicante,it,it_43,0.0,146.0,146.0,330.0,1.0,2.0,0.0,1.0
732,8.0,3.0,62.0,"e,",it,it_43,1.0,0.0,0.0,0.0,0.0,0.0,0.0,0.0
733,8.0,3.0,63.0,secondo,it,it_43,0.0,261.0,261.0,441.0,1.0,2.0,0.0,1.0
734,8.0,3.0,64.0,"alcuni,",it,it_43,1.0,0.0,0.0,0.0,0.0,0.0,0.0,0.0
735,8.0,3.0,65.0,acidulo.,it,it_43,0.0,189.0,189.0,350.0,1.0,2.0,0.0,1.0
736,8.0,4.0,66.0,Solitamente,it,it_43,0.0,154.0,154.0,409.0,1.0,2.0,0.0,1.0
737,8.0,4.0,67.0,il,it,it_43,1.0,0.0,0.0,0.0,0.0,0.0,0.0,0.0
738,8.0,4.0,68.0,succo,it,it_43,1.0,0.0,0.0,0.0,0.0,0.0,0.0,0.0
739,8.0,4.0,69.0,da,it,it_43,0.0,203.0,203.0,203.0,1.0,1.0,0.0,0.0
740,8.0,4.0,70.0,esportare,it,it_43,0.0,171.0,171.0,171.0,1.0,1.0,0.0,0.0
741,8.0,4.0,71.0,viene,it,it_43,1.0,0.0,0.0,0.0,0.0,0.0,0.0,0.0
742,8.0,4.0,72.0,prima,it,it_43,0.0,233.0,437.0,437.0,2.0,2.0,1.0,0.0
743,8.0,4.0,73.0,"concentrato,",it,it_43,0.0,293.0,293.0,293.0,1.0,1.0,0.0,0.0
744,8.0,4.0,74.0,poi,it,it_43,0.0,123.0,123.0,123.0,1.0,1.0,0.0,0.0
745,8.0,4.0,75.0,congelato,it,it_43,0.0,196.0,196.0,418.0,1.0,2.0,0.0,1.0
746,8.0,4.0,76.0,o,it,it_43,1.0,0.0,0.0,0.0,0.0,0.0,0.0,0.0
747,8.0,4.0,77.0,"liofilizzato,",it,it_43,0.0,196.0,196.0,382.0,1.0,2.0,0.0,1.0
748,8.0,4.0,78.0,ed,it,it_43,1.0,0.0,0.0,0.0,0.0,0.0,0.0,0.0
749,8.0,4.0,79.0,infine,it,it_43,1.0,0.0,0.0,0.0,0.0,0.0,0.0,0.0
750,8.0,4.0,80.0,ricostituito,it,it_43,0.0,201.0,361.0,361.0,2.0,2.0,1.0,0.0
751,8.0,4.0,81.0,con,it,it_43,1.0,0.0,0.0,0.0,0.0,0.0,0.0,0.0
752,8.0,4.0,82.0,acqua,it,it_43,0.0,73.0,73.0,73.0,1.0,1.0,0.0,0.0
753,8.0,4.0,83.0,nel,it,it_43,0.0,184.0,184.0,184.0,1.0,1.0,0.0,0.0
754,8.0,4.0,84.0,luogo,it,it_43,0.0,228.0,228.0,228.0,1.0,1.0,0.0,0.0
755,8.0,4.0,85.0,di,it,it_43,1.0,0.0,0.0,0.0,0.0,0.0,0.0,0.0
756,8.0,4.0,86.0,destinazione.,it,it_43,0.0,175.0,175.0,175.0,1.0,1.0,0.0,0.0
757,8.0,5.0,87.0,Quando,it,it_43,0.0,174.0,174.0,174.0,1.0,1.0,0.0,0.0
758,8.0,5.0,88.0,al,it,it_43,0.0,508.0,508.0,508.0,1.0,1.0,0.0,0.0
759,8.0,5.0,89.0,succo,it,it_43,0.0,202.0,202.0,202.0,1.0,1.0,0.0,0.0
760,8.0,5.0,90.0,d'arancia,it,it_43,0.0,88.0,88.0,88.0,1.0,1.0,0.0,0.0
761,8.0,5.0,91.0,concentrato,it,it_43,0.0,149.0,149.0,149.0,1.0,1.0,0.0,0.0
762,8.0,5.0,92.0,viene,it,it_43,0.0,140.0,140.0,289.0,1.0,2.0,0.0,1.0
763,8.0,5.0,93.0,ripristinata,it,it_43,0.0,214.0,214.0,214.0,1.0,1.0,0.0,0.0
764,8.0,5.0,94.0,"l'acqua,",it,it_43,0.0,207.0,207.0,207.0,1.0,1.0,0.0,0.0
765,8.0,5.0,95.0,si,it,it_43,1.0,0.0,0.0,0.0,0.0,0.0,0.0,0.0
766,8.0,5.0,96.0,dice,it,it_43,1.0,0.0,0.0,0.0,0.0,0.0,0.0,0.0
767,8.0,5.0,97.0,che,it,it_43,0.0,271.0,271.0,271.0,1.0,1.0,0.0,0.0
768,8.0,5.0,98.0,viene,it,it_43,0.0,194.0,194.0,194.0,1.0,1.0,0.0,0.0
769,8.0,5.0,99.0,"""ricostituito"";",it,it_43,0.0,211.0,211.0,211.0,1.0,1.0,0.0,0.0
770,8.0,5.0,100.0,la,it,it_43,1.0,0.0,0.0,0.0,0.0,0.0,0.0,0.0
771,8.0,5.0,101.0,maggior,it,it_43,0.0,243.0,243.0,243.0,1.0,1.0,0.0,0.0
772,8.0,5.0,102.0,parte,it,it_43,1.0,0.0,0.0,0.0,0.0,0.0,0.0,0.0
773,8.0,5.0,103.0,del,it,it_43,1.0,0.0,0.0,0.0,0.0,0.0,0.0,0.0
774,8.0,5.0,104.0,succo,it,it_43,0.0,181.0,181.0,329.0,1.0,2.0,0.0,1.0
775,8.0,5.0,105.0,d'arancia,it,it_43,0.0,145.0,313.0,493.0,2.0,3.0,1.0,1.0
776,8.0,5.0,106.0,commercializzato,it,it_43,0.0,207.0,461.0,461.0,2.0,2.0,1.0,0.0
777,8.0,5.0,107.0,e,it,it_43,1.0,0.0,0.0,0.0,0.0,0.0,0.0,0.0
778,8.0,5.0,108.0,consumato,it,it_43,0.0,249.0,249.0,249.0,1.0,1.0,0.0,0.0
779,8.0,5.0,109.0,nel,it,it_43,1.0,0.0,0.0,0.0,0.0,0.0,0.0,0.0
780,8.0,5.0,110.0,mondo,it,it_43,1.0,0.0,0.0,0.0,0.0,0.0,0.0,0.0
781,8.0,5.0,111.0,è,it,it_43,0.0,190.0,190.0,190.0,1.0,1.0,0.0,0.0
782,8.0,5.0,112.0,succo,it,it_43,0.0,127.0,127.0,127.0,1.0,1.0,0.0,0.0
783,8.0,5.0,113.0,ricostituito.,it,it_43,0.0,187.0,187.0,187.0,1.0,1.0,0.0,0.0
784,8.0,6.0,114.0,Il,it,it_43,1.0,0.0,0.0,0.0,0.0,0.0,0.0,0.0
785,8.0,6.0,115.0,succo,it,it_43,0.0,369.0,369.0,369.0,1.0,1.0,0.0,0.0
786,8.0,6.0,116.0,grezzo,it,it_43,0.0,178.0,178.0,178.0,1.0,1.0,0.0,0.0
787,8.0,6.0,117.0,non,it,it_43,1.0,0.0,0.0,0.0,0.0,0.0,0.0,0.0
788,8.0,6.0,118.0,"concentrato,",it,it_43,0.0,306.0,306.0,306.0,1.0,1.0,0.0,0.0
789,8.0,6.0,119.0,trasportato,it,it_43,0.0,258.0,333.0,333.0,2.0,2.0,1.0,0.0
790,8.0,6.0,120.0,in,it,it_43,1.0,0.0,0.0,0.0,0.0,0.0,0.0,0.0
791,8.0,6.0,121.0,forma,it,it_43,0.0,75.0,75.0,75.0,1.0,1.0,0.0,0.0
792,8.0,6.0,122.0,"liquida,",it,it_43,0.0,165.0,165.0,165.0,1.0,1.0,0.0,0.0
793,8.0,6.0,123.0,viene,it,it_43,1.0,0.0,0.0,0.0,0.0,0.0,0.0,0.0
794,8.0,6.0,124.0,denominato,it,it_43,0.0,174.0,261.0,261.0,2.0,2.0,1.0,0.0
795,8.0,6.0,125.0,e,it,it_43,1.0,0.0,0.0,0.0,0.0,0.0,0.0,0.0
796,8.0,6.0,126.0,commercializzato,it,it_43,0.0,365.0,365.0,365.0,1.0,1.0,0.0,0.0
797,8.0,6.0,127.0,dai,it,it_43,1.0,0.0,0.0,0.0,0.0,0.0,0.0,0.0
798,8.0,6.0,128.0,vari,it,it_43,0.0,112.0,112.0,112.0,1.0,1.0,0.0,0.0
799,8.0,6.0,129.0,produttori,it,it_43,0.0,188.0,188.0,188.0,1.0,1.0,0.0,0.0
800,8.0,6.0,130.0,come,it,it_43,0.0,105.0,105.0,105.0,1.0,1.0,0.0,0.0
801,8.0,6.0,131.0,"""succo",it,it_43,0.0,220.0,220.0,220.0,1.0,1.0,0.0,0.0
802,8.0,6.0,132.0,"diretto"".",it,it_43,0.0,252.0,252.0,252.0,1.0,1.0,0.0,0.0
803,8.0,7.0,133.0,C'è,it,it_43,1.0,0.0,0.0,0.0,0.0,0.0,0.0,0.0
804,8.0,7.0,134.0,una,it,it_43,1.0,0.0,0.0,0.0,0.0,0.0,0.0,0.0
805,8.0,7.0,135.0,grande,it,it_43,0.0,164.0,251.0,251.0,2.0,2.0,1.0,0.0
806,8.0,7.0,136.0,differenza,it,it_43,0.0,185.0,330.0,330.0,2.0,2.0,1.0,0.0
807,8.0,7.0,137.0,tra,it,it_43,1.0,0.0,0.0,0.0,0.0,0.0,0.0,0.0
808,8.0,7.0,138.0,il,it,it_43,1.0,0.0,0.0,0.0,0.0,0.0,0.0,0.0
809,8.0,7.0,139.0,volume,it,it_43,0.0,191.0,191.0,191.0,1.0,1.0,0.0,0.0
810,8.0,7.0,140.0,del,it,it_43,1.0,0.0,0.0,0.0,0.0,0.0,0.0,0.0
811,8.0,7.0,141.0,succo,it,it_43,0.0,182.0,182.0,182.0,1.0,1.0,0.0,0.0
812,8.0,7.0,142.0,concentrato,it,it_43,0.0,304.0,304.0,304.0,1.0,1.0,0.0,0.0
813,8.0,7.0,143.0,e,it,it_43,1.0,0.0,0.0,0.0,0.0,0.0,0.0,0.0
814,8.0,7.0,144.0,il,it,it_43,1.0,0.0,0.0,0.0,0.0,0.0,0.0,0.0
815,8.0,7.0,145.0,volume,it,it_43,0.0,196.0,196.0,196.0,1.0,1.0,0.0,0.0
816,8.0,7.0,146.0,del,it,it_43,1.0,0.0,0.0,0.0,0.0,0.0,0.0,0.0
817,8.0,7.0,147.0,succo,it,it_43,1.0,0.0,0.0,0.0,0.0,0.0,0.0,0.0
818,8.0,7.0,148.0,"grezzo,",it,it_43,0.0,238.0,238.0,238.0,1.0,1.0,0.0,0.0
819,8.0,7.0,149.0,e,it,it_43,1.0,0.0,0.0,0.0,0.0,0.0,0.0,0.0
820,8.0,7.0,150.0,questo,it,it_43,0.0,193.0,193.0,335.0,1.0,2.0,0.0,1.0
821,8.0,7.0,151.0,causa,it,it_43,1.0,0.0,0.0,0.0,0.0,0.0,0.0,0.0
822,8.0,7.0,152.0,una,it,it_43,0.0,277.0,277.0,277.0,1.0,1.0,0.0,0.0
823,8.0,7.0,153.0,rilevante,it,it_43,0.0,298.0,298.0,298.0,1.0,1.0,0.0,0.0
824,8.0,7.0,154.0,differenza,it,it_43,0.0,160.0,160.0,306.0,1.0,2.0,0.0,1.0
825,8.0,7.0,155.0,in,it,it_43,0.0,149.0,149.0,304.0,1.0,2.0,0.0,1.0
826,8.0,7.0,156.0,termini,it,it_43,0.0,86.0,86.0,226.0,1.0,2.0,0.0,1.0
827,8.0,7.0,157.0,di,it,it_43,1.0,0.0,0.0,0.0,0.0,0.0,0.0,0.0
828,8.0,7.0,158.0,prezzo,it,it_43,0.0,323.0,323.0,323.0,1.0,1.0,0.0,0.0
829,8.0,7.0,159.0,di,it,it_43,0.0,219.0,219.0,219.0,1.0,1.0,0.0,0.0
830,8.0,7.0,160.0,acquisto.,it,it_43,0.0,197.0,197.0,197.0,1.0,1.0,0.0,0.0
831,8.0,1.0,1.0,Il,it,it_43,0.0,146.0,146.0,146.0,1.0,1.0,0.0,0.0
832,8.0,1.0,2.0,succo,it,it_43,0.0,152.0,152.0,152.0,1.0,1.0,0.0,0.0
833,8.0,1.0,3.0,"d'arancia,",it,it_43,0.0,154.0,154.0,154.0,1.0,1.0,0.0,0.0
834,8.0,1.0,4.0,conosciuto,it,it_43,0.0,252.0,252.0,252.0,1.0,1.0,0.0,0.0
835,8.0,1.0,5.0,anche,it,it_43,1.0,0.0,0.0,0.0,0.0,0.0,0.0,0.0
836,8.0,1.0,6.0,come,it,it_43,0.0,212.0,212.0,212.0,1.0,1.0,0.0,0.0
837,8.0,1.0,7.0,"""spremuta"",",it,it_43,0.0,199.0,199.0,199.0,1.0,1.0,0.0,0.0
838,8.0,1.0,8.0,è,it,it_43,1.0,0.0,0.0,0.0,0.0,0.0,0.0,0.0
839,8.0,1.0,9.0,un,it,it_43,1.0,0.0,0.0,0.0,0.0,0.0,0.0,0.0
840,8.0,1.0,10.0,succo,it,it_43,0.0,303.0,303.0,303.0,1.0,1.0,0.0,0.0
841,8.0,1.0,11.0,di,it,it_43,1.0,0.0,0.0,0.0,0.0,0.0,0.0,0.0
842,8.0,1.0,12.0,frutta,it,it_43,0.0,164.0,164.0,164.0,1.0,1.0,0.0,0.0
843,8.0,1.0,13.0,che,it,it_43,1.0,0.0,0.0,0.0,0.0,0.0,0.0,0.0
844,8.0,1.0,14.0,si,it,it_43,1.0,0.0,0.0,0.0,0.0,0.0,0.0,0.0
845,8.0,1.0,15.0,ottiene,it,it_43,0.0,252.0,411.0,411.0,2.0,2.0,1.0,0.0
846,8.0,1.0,16.0,dalla,it,it_43,1.0,0.0,0.0,0.0,0.0,0.0,0.0,0.0
847,8.0,1.0,17.0,spremitura,it,it_43,0.0,240.0,240.0,317.0,1.0,2.0,0.0,1.0
848,8.0,1.0,18.0,della,it,it_43,0.0,180.0,180.0,180.0,1.0,1.0,0.0,0.0
849,8.0,1.0,19.0,polpa,it,it_43,0.0,140.0,140.0,140.0,1.0,1.0,0.0,0.0
850,8.0,1.0,20.0,di,it,it_43,1.0,0.0,0.0,0.0,0.0,0.0,0.0,0.0
851,8.0,1.0,21.0,arancia.,it,it_43,0.0,187.0,187.0,404.0,1.0,2.0,0.0,1.0
852,8.0,2.0,22.0,È,it,it_43,1.0,0.0,0.0,0.0,0.0,0.0,0.0,0.0
853,8.0,2.0,23.0,una,it,it_43,1.0,0.0,0.0,0.0,0.0,0.0,0.0,0.0
854,8.0,2.0,24.0,bevanda,it,it_43,0.0,206.0,378.0,544.0,2.0,3.0,1.0,1.0
855,8.0,2.0,25.0,in,it,it_43,1.0,0.0,0.0,0.0,0.0,0.0,0.0,0.0
856,8.0,2.0,26.0,uso,it,it_43,1.0,0.0,0.0,0.0,0.0,0.0,0.0,0.0
857,8.0,2.0,27.0,in,it,it_43,0.0,204.0,267.0,595.0,2.0,3.0,1.0,1.0
858,8.0,2.0,28.0,tutto,it,it_43,1.0,0.0,0.0,0.0,0.0,0.0,0.0,0.0
859,8.0,2.0,29.0,il,it,it_43,1.0,0.0,0.0,0.0,0.0,0.0,0.0,0.0
860,8.0,2.0,30.0,mondo,it,it_43,0.0,235.0,235.0,235.0,1.0,1.0,0.0,0.0
861,8.0,2.0,31.0,e,it,it_43,1.0,0.0,0.0,0.0,0.0,0.0,0.0,0.0
862,8.0,2.0,32.0,in,it,it_43,1.0,0.0,0.0,0.0,0.0,0.0,0.0,0.0
863,8.0,2.0,33.0,alcuni,it,it_43,0.0,282.0,282.0,282.0,1.0,1.0,0.0,0.0
864,8.0,2.0,34.0,paesi,it,it_43,1.0,0.0,0.0,0.0,0.0,0.0,0.0,0.0
865,8.0,2.0,35.0,viene,it,it_43,0.0,253.0,253.0,253.0,1.0,1.0,0.0,0.0
866,8.0,2.0,36.0,spesso,it,it_43,0.0,252.0,252.0,252.0,1.0,1.0,0.0,0.0
867,8.0,2.0,37.0,usata,it,it_43,0.0,260.0,260.0,631.0,1.0,3.0,0.0,1.0
868,8.0,2.0,38.0,per,it,it_43,0.0,148.0,148.0,148.0,1.0,1.0,0.0,0.0
869,8.0,2.0,39.0,la,it,it_43,1.0,0.0,0.0,0.0,0.0,0.0,0.0,0.0
870,8.0,2.0,40.0,colazione.,it,it_43,0.0,107.0,107.0,470.0,1.0,3.0,0.0,1.0
871,8.0,3.0,41.0,Da,it,it_43,1.0,0.0,0.0,0.0,0.0,0.0,0.0,0.0
872,8.0,3.0,42.0,un'arancia,it,it_43,0.0,164.0,164.0,164.0,1.0,1.0,0.0,0.0
873,8.0,3.0,43.0,si,it,it_43,0.0,170.0,170.0,170.0,1.0,1.0,0.0,0.0
874,8.0,3.0,44.0,ottengono,it,it_43,0.0,188.0,188.0,188.0,1.0,1.0,0.0,0.0
875,8.0,3.0,45.0,in,it,it_43,1.0,0.0,0.0,0.0,0.0,0.0,0.0,0.0
876,8.0,3.0,46.0,media,it,it_43,0.0,230.0,230.0,230.0,1.0,1.0,0.0,0.0
877,8.0,3.0,47.0,novanta,it,it_43,0.0,254.0,254.0,254.0,1.0,1.0,0.0,0.0
878,8.0,3.0,48.0,grammi,it,it_43,0.0,154.0,154.0,154.0,1.0,1.0,0.0,0.0
879,8.0,3.0,49.0,di,it,it_43,1.0,0.0,0.0,0.0,0.0,0.0,0.0,0.0
880,8.0,3.0,50.0,succo,it,it_43,0.0,150.0,150.0,150.0,1.0,1.0,0.0,0.0
881,9.0,1.0,1.0,L'apicultura,it,it_43,0.0,158.0,410.0,493.0,2.0,3.0,1.0,1.0
882,9.0,1.0,2.0,consiste,it,it_43,0.0,111.0,111.0,295.0,1.0,2.0,0.0,1.0
883,9.0,1.0,3.0,nell'allevamento,it,it_43,0.0,322.0,322.0,322.0,1.0,1.0,0.0,0.0
884,9.0,1.0,4.0,di,it,it_43,1.0,0.0,0.0,0.0,0.0,0.0,0.0,0.0
885,9.0,1.0,5.0,api,it,it_43,0.0,304.0,304.0,304.0,1.0,1.0,0.0,0.0
886,9.0,1.0,6.0,allo,it,it_43,1.0,0.0,0.0,0.0,0.0,0.0,0.0,0.0
887,9.0,1.0,7.0,scopo,it,it_43,0.0,378.0,378.0,378.0,1.0,1.0,0.0,0.0
888,9.0,1.0,8.0,di,it,it_43,1.0,0.0,0.0,0.0,0.0,0.0,0.0,0.0
889,9.0,1.0,9.0,sfruttare,it,it_43,0.0,227.0,227.0,227.0,1.0,1.0,0.0,0.0
890,9.0,1.0,10.0,i,it,it_43,1.0,0.0,0.0,0.0,0.0,0.0,0.0,0.0
891,9.0,1.0,11.0,prodotti,it,it_43,0.0,186.0,186.0,340.0,1.0,2.0,0.0,1.0
892,9.0,1.0,12.0,"dell'alveare,",it,it_43,0.0,232.0,232.0,232.0,1.0,1.0,0.0,0.0
893,9.0,1.0,13.0,dove,it,it_43,1.0,0.0,0.0,0.0,0.0,0.0,0.0,0.0
894,9.0,1.0,14.0,per,it,it_43,0.0,175.0,175.0,287.0,1.0,2.0,0.0,1.0
895,9.0,1.0,15.0,tale,it,it_43,0.0,250.0,250.0,250.0,1.0,1.0,0.0,0.0
896,9.0,1.0,16.0,si,it,it_43,0.0,140.0,140.0,140.0,1.0,1.0,0.0,0.0
897,9.0,1.0,17.0,intenda,it,it_43,0.0,198.0,198.0,198.0,1.0,1.0,0.0,0.0
898,9.0,1.0,18.0,un'arnia,it,it_43,0.0,166.0,166.0,166.0,1.0,1.0,0.0,0.0
899,9.0,1.0,19.0,popolata,it,it_43,0.0,190.0,190.0,356.0,1.0,2.0,0.0,1.0
900,9.0,1.0,20.0,da,it,it_43,1.0,0.0,0.0,0.0,0.0,0.0,0.0,0.0
901,9.0,1.0,21.0,una,it,it_43,1.0,0.0,0.0,0.0,0.0,0.0,0.0,0.0
902,9.0,1.0,22.0,famiglia,it,it_43,0.0,218.0,218.0,218.0,1.0,1.0,0.0,0.0
903,9.0,1.0,23.0,di,it,it_43,1.0,0.0,0.0,0.0,0.0,0.0,0.0,0.0
904,9.0,1.0,24.0,api.,it,it_43,0.0,179.0,179.0,179.0,1.0,1.0,0.0,0.0
905,9.0,2.0,25.0,Le,it,it_43,1.0,0.0,0.0,0.0,0.0,0.0,0.0,0.0
906,9.0,2.0,26.0,arnie,it,it_43,0.0,187.0,187.0,398.0,1.0,2.0,0.0,1.0
907,9.0,2.0,27.0,moderne,it,it_43,0.0,411.0,411.0,411.0,1.0,1.0,0.0,0.0
908,9.0,2.0,28.0,sono,it,it_43,1.0,0.0,0.0,0.0,0.0,0.0,0.0,0.0
909,9.0,2.0,29.0,strutture,it,it_43,0.0,264.0,264.0,428.0,1.0,2.0,0.0,1.0
910,9.0,2.0,30.0,modulari,it,it_43,0.0,260.0,260.0,303.0,1.0,2.0,0.0,1.0
911,9.0,6.0,161.0,scienze,it,it_43,0.0,198.0,198.0,198.0,1.0,1.0,0.0,0.0
912,9.0,6.0,162.0,biologiche,it,it_43,0.0,149.0,149.0,149.0,1.0,1.0,0.0,0.0
913,9.0,6.0,163.0,e,it,it_43,1.0,0.0,0.0,0.0,0.0,0.0,0.0,0.0
914,9.0,6.0,164.0,naturali.,it,it_43,0.0,117.0,117.0,117.0,1.0,1.0,0.0,0.0
915,9.0,2.0,33.0,favi,it,it_43,0.0,337.0,337.0,337.0,1.0,1.0,0.0,0.0
916,9.0,2.0,34.0,mobili,it,it_43,0.0,238.0,238.0,238.0,1.0,1.0,0.0,0.0
917,9.0,2.0,35.0,dove,it,it_43,0.0,135.0,135.0,135.0,1.0,1.0,0.0,0.0
918,9.0,2.0,36.0,l'apicoltore,it,it_43,0.0,309.0,309.0,309.0,1.0,1.0,0.0,0.0
919,9.0,2.0,37.0,ricovera,it,it_43,0.0,204.0,204.0,204.0,1.0,1.0,0.0,0.0
920,9.0,2.0,38.0,le,it,it_43,1.0,0.0,0.0,0.0,0.0,0.0,0.0,0.0
921,9.0,2.0,39.0,api.,it,it_43,0.0,202.0,202.0,202.0,1.0,1.0,0.0,0.0
922,9.0,3.0,40.0,Le,it,it_43,1.0,0.0,0.0,0.0,0.0,0.0,0.0,0.0
923,9.0,3.0,41.0,arnie,it,it_43,0.0,193.0,193.0,193.0,1.0,1.0,0.0,0.0
924,9.0,3.0,42.0,più,it,it_43,0.0,129.0,129.0,129.0,1.0,1.0,0.0,0.0
925,9.0,3.0,43.0,primitive,it,it_43,0.0,259.0,259.0,259.0,1.0,1.0,0.0,0.0
926,9.0,3.0,44.0,non,it,it_43,1.0,0.0,0.0,0.0,0.0,0.0,0.0,0.0
927,9.0,3.0,45.0,avevano,it,it_43,0.0,168.0,360.0,726.0,2.0,4.0,1.0,1.0
928,9.0,3.0,46.0,favi,it,it_43,0.0,42.0,42.0,42.0,1.0,1.0,0.0,0.0
929,9.0,3.0,47.0,mobili,it,it_43,0.0,264.0,264.0,264.0,1.0,1.0,0.0,0.0
930,9.0,3.0,48.0,ed,it,it_43,1.0,0.0,0.0,0.0,0.0,0.0,0.0,0.0
931,9.0,3.0,49.0,erano,it,it_43,0.0,278.0,278.0,278.0,1.0,1.0,0.0,0.0
932,9.0,3.0,50.0,dette,it,it_43,0.0,238.0,238.0,332.0,1.0,2.0,0.0,1.0
933,9.0,3.0,51.0,bugno,it,it_43,0.0,207.0,207.0,359.0,1.0,2.0,0.0,1.0
934,9.0,3.0,52.0,o,it,it_43,1.0,0.0,0.0,0.0,0.0,0.0,0.0,0.0
935,9.0,3.0,53.0,"""bugno",it,it_43,1.0,0.0,0.0,0.0,0.0,0.0,0.0,0.0
936,9.0,3.0,54.0,"villico"".",it,it_43,1.0,0.0,0.0,0.0,0.0,0.0,0.0,0.0
937,9.0,4.0,55.0,Il,it,it_43,1.0,0.0,0.0,0.0,0.0,0.0,0.0,0.0
938,9.0,4.0,56.0,mestiere,it,it_43,1.0,0.0,0.0,0.0,0.0,0.0,0.0,0.0
939,9.0,4.0,57.0,dell'apicoltore,it,it_43,1.0,0.0,0.0,0.0,0.0,0.0,0.0,0.0
940,9.0,4.0,58.0,consiste,it,it_43,1.0,0.0,0.0,0.0,0.0,0.0,0.0,0.0
941,9.0,4.0,59.0,sostanzialmente,it,it_43,1.0,0.0,0.0,0.0,0.0,0.0,0.0,0.0
942,9.0,4.0,60.0,nel,it,it_43,1.0,0.0,0.0,0.0,0.0,0.0,0.0,0.0
943,9.0,4.0,61.0,procurare,it,it_43,1.0,0.0,0.0,0.0,0.0,0.0,0.0,0.0
944,9.0,4.0,62.0,alle,it,it_43,1.0,0.0,0.0,0.0,0.0,0.0,0.0,0.0
945,9.0,4.0,63.0,api,it,it_43,1.0,0.0,0.0,0.0,0.0,0.0,0.0,0.0
946,9.0,4.0,64.0,ricovero,it,it_43,1.0,0.0,0.0,0.0,0.0,0.0,0.0,0.0
947,9.0,4.0,65.0,e,it,it_43,1.0,0.0,0.0,0.0,0.0,0.0,0.0,0.0
948,9.0,4.0,66.0,"cure,",it,it_43,1.0,0.0,0.0,0.0,0.0,0.0,0.0,0.0
949,9.0,4.0,67.0,e,it,it_43,1.0,0.0,0.0,0.0,0.0,0.0,0.0,0.0
950,9.0,4.0,68.0,vegliare,it,it_43,0.0,202.0,202.0,583.0,1.0,3.0,0.0,1.0
951,9.0,4.0,69.0,sul,it,it_43,0.0,136.0,136.0,136.0,1.0,1.0,0.0,0.0
952,9.0,4.0,70.0,loro,it,it_43,0.0,198.0,198.0,536.0,1.0,3.0,0.0,1.0
953,9.0,4.0,71.0,sviluppo;,it,it_43,0.0,167.0,167.0,385.0,1.0,2.0,0.0,1.0
954,9.0,4.0,72.0,in,it,it_43,1.0,0.0,0.0,0.0,0.0,0.0,0.0,0.0
955,9.0,4.0,73.0,cambio,it,it_43,0.0,336.0,336.0,717.0,1.0,3.0,0.0,1.0
956,9.0,4.0,74.0,egli,it,it_43,0.0,241.0,241.0,241.0,1.0,1.0,0.0,0.0
957,9.0,4.0,75.0,raccoglie,it,it_43,0.0,218.0,218.0,448.0,1.0,2.0,0.0,1.0
958,9.0,4.0,76.0,una,it,it_43,0.0,234.0,234.0,234.0,1.0,1.0,0.0,0.0
959,9.0,4.0,77.0,quota,it,it_43,0.0,313.0,313.0,529.0,1.0,2.0,0.0,1.0
960,9.0,4.0,78.0,discreta,it,it_43,0.0,339.0,339.0,339.0,1.0,1.0,0.0,0.0
961,9.0,4.0,79.0,del,it,it_43,1.0,0.0,0.0,0.0,0.0,0.0,0.0,0.0
962,9.0,4.0,80.0,loro,it,it_43,0.0,338.0,338.0,338.0,1.0,1.0,0.0,0.0
963,9.0,4.0,81.0,"prodotto,",it,it_43,0.0,289.0,289.0,662.0,1.0,3.0,0.0,1.0
964,9.0,4.0,82.0,consistente,it,it_43,0.0,211.0,374.0,1200.0,2.0,5.0,1.0,1.0
965,9.0,4.0,83.0,in,it,it_43,1.0,0.0,0.0,0.0,0.0,0.0,0.0,0.0
966,9.0,4.0,84.0,"miele,",it,it_43,0.0,207.0,495.0,672.0,2.0,3.0,1.0,1.0
967,9.0,4.0,85.0,"polline,",it,it_43,0.0,181.0,181.0,181.0,1.0,1.0,0.0,0.0
968,9.0,4.0,86.0,cera,it,it_43,1.0,0.0,0.0,0.0,0.0,0.0,0.0,0.0
969,9.0,4.0,87.0,"d'api,",it,it_43,0.0,393.0,393.0,393.0,1.0,1.0,0.0,0.0
970,9.0,4.0,88.0,pappa,it,it_43,0.0,130.0,130.0,130.0,1.0,1.0,0.0,0.0
971,9.0,4.0,89.0,"reale,",it,it_43,0.0,200.0,200.0,200.0,1.0,1.0,0.0,0.0
972,9.0,2.0,31.0,composte,it,it_43,0.0,409.0,409.0,409.0,1.0,1.0,0.0,0.0
973,9.0,2.0,32.0,da,it,it_43,1.0,0.0,0.0,0.0,0.0,0.0,0.0,0.0
974,9.0,4.0,90.0,propoli,it,it_43,0.0,272.0,272.0,501.0,1.0,2.0,0.0,1.0
975,9.0,4.0,91.0,e,it,it_43,1.0,0.0,0.0,0.0,0.0,0.0,0.0,0.0
976,9.0,4.0,92.0,veleno.,it,it_43,0.0,100.0,100.0,100.0,1.0,1.0,0.0,0.0
977,9.0,5.0,93.0,Praticata,it,it_43,0.0,250.0,250.0,442.0,1.0,2.0,0.0,1.0
978,9.0,5.0,94.0,in,it,it_43,0.0,163.0,163.0,163.0,1.0,1.0,0.0,0.0
979,9.0,5.0,95.0,tutti,it,it_43,0.0,152.0,152.0,387.0,1.0,2.0,0.0,1.0
980,9.0,5.0,96.0,i,it,it_43,0.0,302.0,302.0,302.0,1.0,1.0,0.0,0.0
981,9.0,5.0,97.0,"continenti,",it,it_43,0.0,276.0,439.0,675.0,2.0,3.0,1.0,1.0
982,9.0,5.0,98.0,questa,it,it_43,1.0,0.0,0.0,0.0,0.0,0.0,0.0,0.0
983,9.0,5.0,99.0,attività,it,it_43,0.0,237.0,411.0,411.0,2.0,2.0,1.0,0.0
984,9.0,5.0,100.0,varia,it,it_43,0.0,213.0,213.0,213.0,1.0,1.0,0.0,0.0
985,9.0,5.0,101.0,a,it,it_43,1.0,0.0,0.0,0.0,0.0,0.0,0.0,0.0
986,9.0,5.0,102.0,seconda,it,it_43,0.0,147.0,147.0,147.0,1.0,1.0,0.0,0.0
987,9.0,5.0,103.0,delle,it,it_43,0.0,146.0,146.0,146.0,1.0,1.0,0.0,0.0
988,9.0,5.0,104.0,varietà,it,it_43,0.0,176.0,306.0,306.0,2.0,2.0,1.0,0.0
989,9.0,5.0,105.0,delle,it,it_43,0.0,191.0,191.0,191.0,1.0,1.0,0.0,0.0
990,9.0,5.0,106.0,"api,",it,it_43,0.0,133.0,133.0,133.0,1.0,1.0,0.0,0.0
991,9.0,5.0,107.0,del,it,it_43,1.0,0.0,0.0,0.0,0.0,0.0,0.0,0.0
992,9.0,5.0,108.0,clima,it,it_43,0.0,222.0,222.0,222.0,1.0,1.0,0.0,0.0
993,9.0,5.0,109.0,e,it,it_43,1.0,0.0,0.0,0.0,0.0,0.0,0.0,0.0
994,9.0,5.0,110.0,del,it,it_43,0.0,68.0,68.0,68.0,1.0,1.0,0.0,0.0
995,9.0,5.0,111.0,livello,it,it_43,0.0,234.0,234.0,234.0,1.0,1.0,0.0,0.0
996,9.0,5.0,112.0,di,it,it_43,1.0,0.0,0.0,0.0,0.0,0.0,0.0,0.0
997,9.0,5.0,113.0,sviluppo,it,it_43,0.0,314.0,314.0,314.0,1.0,1.0,0.0,0.0
998,9.0,5.0,114.0,economico,it,it_43,0.0,292.0,292.0,292.0,1.0,1.0,0.0,0.0
999,9.0,5.0,115.0,"dell'agricoltore,",it,it_43,0.0,295.0,617.0,617.0,3.0,3.0,1.0,0.0
1000,9.0,5.0,116.0,e,it,it_43,1.0,0.0,0.0,0.0,0.0,0.0,0.0,0.0
1001,9.0,5.0,117.0,in,it,it_43,1.0,0.0,0.0,0.0,0.0,0.0,0.0,0.0
1002,9.0,5.0,118.0,essa,it,it_43,0.0,238.0,238.0,238.0,1.0,1.0,0.0,0.0
1003,9.0,5.0,119.0,pratiche,it,it_43,0.0,181.0,347.0,347.0,2.0,2.0,1.0,0.0
1004,9.0,5.0,120.0,ancestrali,it,it_43,0.0,230.0,230.0,230.0,1.0,1.0,0.0,0.0
1005,9.0,5.0,121.0,come,it,it_43,1.0,0.0,0.0,0.0,0.0,0.0,0.0,0.0
1006,9.0,5.0,122.0,l'affumicamento,it,it_43,0.0,246.0,373.0,373.0,2.0,2.0,1.0,0.0
1007,9.0,5.0,123.0,si,it,it_43,1.0,0.0,0.0,0.0,0.0,0.0,0.0,0.0
1008,9.0,5.0,124.0,mischiano,it,it_43,0.0,253.0,253.0,253.0,1.0,1.0,0.0,0.0
1009,9.0,5.0,125.0,a,it,it_43,1.0,0.0,0.0,0.0,0.0,0.0,0.0,0.0
1010,9.0,5.0,126.0,metodi,it,it_43,0.0,192.0,192.0,192.0,1.0,1.0,0.0,0.0
1011,9.0,5.0,127.0,moderni,it,it_43,0.0,252.0,252.0,252.0,1.0,1.0,0.0,0.0
1012,9.0,5.0,128.0,come,it,it_43,1.0,0.0,0.0,0.0,0.0,0.0,0.0,0.0
1013,9.0,5.0,129.0,l'inseminazione,it,it_43,0.0,215.0,215.0,215.0,1.0,1.0,0.0,0.0
1014,9.0,5.0,130.0,artificiale,it,it_43,0.0,331.0,331.0,331.0,1.0,1.0,0.0,0.0
1015,9.0,5.0,131.0,delle,it,it_43,0.0,156.0,156.0,156.0,1.0,1.0,0.0,0.0
1016,9.0,5.0,132.0,regine.,it,it_43,0.0,222.0,222.0,222.0,1.0,1.0,0.0,0.0
1017,9.0,6.0,133.0,L’apicultura,it,it_43,0.0,210.0,210.0,210.0,1.0,1.0,0.0,0.0
1018,9.0,6.0,134.0,è,it,it_43,1.0,0.0,0.0,0.0,0.0,0.0,0.0,0.0
1019,9.0,6.0,135.0,una,it,it_43,0.0,228.0,228.0,228.0,1.0,1.0,0.0,0.0
1020,9.0,6.0,136.0,branca,it,it_43,1.0,0.0,0.0,0.0,0.0,0.0,0.0,0.0
1021,9.0,6.0,137.0,della,it,it_43,0.0,150.0,150.0,150.0,1.0,1.0,0.0,0.0
1022,9.0,6.0,138.0,"zootecnica,",it,it_43,0.0,276.0,276.0,276.0,1.0,1.0,0.0,0.0
1023,9.0,6.0,139.0,seppure,it,it_43,1.0,0.0,0.0,0.0,0.0,0.0,0.0,0.0
1024,9.0,6.0,140.0,intesa,it,it_43,0.0,219.0,219.0,219.0,1.0,1.0,0.0,0.0
1025,9.0,6.0,141.0,in,it,it_43,0.0,170.0,170.0,170.0,1.0,1.0,0.0,0.0
1026,9.0,6.0,142.0,accezione,it,it_43,0.0,286.0,286.0,286.0,1.0,1.0,0.0,0.0
1027,9.0,6.0,143.0,"ampia,",it,it_43,1.0,0.0,0.0,0.0,0.0,0.0,0.0,0.0
1028,9.0,6.0,144.0,e,it,it_43,0.0,241.0,241.0,241.0,1.0,1.0,0.0,0.0
1029,9.0,6.0,145.0,viene,it,it_43,1.0,0.0,0.0,0.0,0.0,0.0,0.0,0.0
1030,9.0,6.0,146.0,insegnata,it,it_43,0.0,189.0,390.0,390.0,2.0,2.0,1.0,0.0
1031,9.0,6.0,147.0,<unk>,it,it_43,1.0,0.0,0.0,0.0,0.0,0.0,0.0,0.0
1032,9.0,6.0,148.0,come,it,it_43,0.0,74.0,74.0,74.0,1.0,1.0,0.0,0.0
1033,9.0,6.0,149.0,tale,it,it_43,0.0,186.0,186.0,186.0,1.0,1.0,0.0,0.0
1034,9.0,6.0,150.0,a,it,it_43,1.0,0.0,0.0,0.0,0.0,0.0,0.0,0.0
1035,9.0,6.0,151.0,livello,it,it_43,0.0,171.0,171.0,331.0,1.0,2.0,0.0,1.0
1036,9.0,6.0,152.0,accademico,it,it_43,0.0,170.0,170.0,170.0,1.0,1.0,0.0,0.0
1037,9.0,6.0,153.0,nei,it,it_43,1.0,0.0,0.0,0.0,0.0,0.0,0.0,0.0
1038,9.0,6.0,154.0,corsi,it,it_43,0.0,241.0,241.0,241.0,1.0,1.0,0.0,0.0
1039,9.0,6.0,155.0,di,it,it_43,1.0,0.0,0.0,0.0,0.0,0.0,0.0,0.0
1040,9.0,6.0,156.0,medicina,it,it_43,1.0,0.0,0.0,0.0,0.0,0.0,0.0,0.0
1041,9.0,6.0,157.0,"veterinaria,",it,it_43,0.0,282.0,282.0,282.0,1.0,1.0,0.0,0.0
1042,9.0,6.0,158.0,e,it,it_43,1.0,0.0,0.0,0.0,0.0,0.0,0.0,0.0
1043,9.0,6.0,159.0,nell'ambito,it,it_43,0.0,211.0,211.0,375.0,1.0,2.0,0.0,1.0
1044,9.0,6.0,160.0,delle,it,it_43,1.0,0.0,0.0,0.0,0.0,0.0,0.0,0.0
1045,10.0,1.0,1.0,La,it,it_43,0.0,151.0,151.0,151.0,1.0,1.0,0.0,0.0
1046,10.0,1.0,2.0,bandiera,it,it_43,0.0,156.0,156.0,156.0,1.0,1.0,0.0,0.0
1047,10.0,1.0,3.0,nazionale,it,it_43,0.0,174.0,327.0,327.0,2.0,2.0,1.0,0.0
1048,10.0,1.0,4.0,è,it,it_43,1.0,0.0,0.0,0.0,0.0,0.0,0.0,0.0
1049,10.0,1.0,5.0,una,it,it_43,0.0,355.0,355.0,355.0,1.0,1.0,0.0,0.0
1050,10.0,1.0,6.0,bandiera,it,it_43,0.0,240.0,240.0,240.0,1.0,1.0,0.0,0.0
1051,10.0,1.0,7.0,che,it,it_43,1.0,0.0,0.0,0.0,0.0,0.0,0.0,0.0
1052,10.0,1.0,8.0,rappresenta,it,it_43,0.0,226.0,226.0,226.0,1.0,1.0,0.0,0.0
1053,10.0,1.0,9.0,una,it,it_43,1.0,0.0,0.0,0.0,0.0,0.0,0.0,0.0
1054,10.0,1.0,10.0,nazione.,it,it_43,0.0,208.0,364.0,364.0,2.0,2.0,1.0,0.0
1055,10.0,2.0,11.0,Sia,it,it_43,1.0,0.0,0.0,0.0,0.0,0.0,0.0,0.0
1056,10.0,2.0,12.0,palazzi,it,it_43,0.0,255.0,255.0,478.0,1.0,2.0,0.0,1.0
1057,10.0,2.0,13.0,pubblici,it,it_43,0.0,184.0,184.0,184.0,1.0,1.0,0.0,0.0
1058,10.0,2.0,14.0,che,it,it_43,1.0,0.0,0.0,0.0,0.0,0.0,0.0,0.0
1059,10.0,2.0,15.0,palazzi,it,it_43,0.0,195.0,195.0,195.0,1.0,1.0,0.0,0.0
1060,10.0,2.0,16.0,"privati,",it,it_43,0.0,368.0,368.0,368.0,1.0,1.0,0.0,0.0
1061,10.0,2.0,17.0,come,it,it_43,0.0,104.0,104.0,104.0,1.0,1.0,0.0,0.0
1062,10.0,2.0,18.0,scuole,it,it_43,0.0,164.0,164.0,164.0,1.0,1.0,0.0,0.0
1063,10.0,2.0,19.0,o,it,it_43,1.0,0.0,0.0,0.0,0.0,0.0,0.0,0.0
1064,10.0,2.0,20.0,"tribunali,",it,it_43,0.0,194.0,194.0,194.0,1.0,1.0,0.0,0.0
1065,10.0,2.0,21.0,spesso,it,it_43,1.0,0.0,0.0,0.0,0.0,0.0,0.0,0.0
1066,10.0,2.0,22.0,espongono,it,it_43,0.0,169.0,556.0,556.0,3.0,3.0,1.0,0.0
1067,10.0,2.0,23.0,questa,it,it_43,0.0,561.0,561.0,561.0,1.0,1.0,0.0,0.0
1068,10.0,2.0,24.0,"bandiera,",it,it_43,0.0,214.0,214.0,338.0,1.0,2.0,0.0,1.0
1069,10.0,2.0,25.0,ma,it,it_43,1.0,0.0,0.0,0.0,0.0,0.0,0.0,0.0
1070,10.0,2.0,26.0,in,it,it_43,1.0,0.0,0.0,0.0,0.0,0.0,0.0,0.0
1071,10.0,2.0,27.0,alcune,it,it_43,0.0,224.0,224.0,224.0,1.0,1.0,0.0,0.0
1072,10.0,2.0,28.0,nazioni,it,it_43,0.0,256.0,256.0,256.0,1.0,1.0,0.0,0.0
1073,10.0,2.0,29.0,la,it,it_43,1.0,0.0,0.0,0.0,0.0,0.0,0.0,0.0
1074,10.0,2.0,30.0,bandiera,it,it_43,0.0,219.0,219.0,219.0,1.0,1.0,0.0,0.0
1075,10.0,2.0,31.0,nazionale,it,it_43,0.0,197.0,197.0,197.0,1.0,1.0,0.0,0.0
1076,10.0,2.0,32.0,viene,it,it_43,1.0,0.0,0.0,0.0,0.0,0.0,0.0,0.0
1077,10.0,2.0,33.0,posta,it,it_43,0.0,261.0,647.0,647.0,3.0,3.0,1.0,0.0
1078,10.0,2.0,34.0,solo,it,it_43,0.0,152.0,152.0,152.0,1.0,1.0,0.0,0.0
1079,10.0,2.0,35.0,su,it,it_43,1.0,0.0,0.0,0.0,0.0,0.0,0.0,0.0
1080,10.0,2.0,36.0,palazzi,it,it_43,0.0,182.0,182.0,182.0,1.0,1.0,0.0,0.0
1081,10.0,2.0,37.0,non,it,it_43,0.0,115.0,115.0,115.0,1.0,1.0,0.0,0.0
1082,10.0,2.0,38.0,militari,it,it_43,0.0,215.0,436.0,436.0,2.0,2.0,1.0,0.0
1083,10.0,2.0,39.0,durante,it,it_43,0.0,282.0,282.0,282.0,1.0,1.0,0.0,0.0
1084,10.0,2.0,40.0,giorni,it,it_43,0.0,222.0,222.0,222.0,1.0,1.0,0.0,0.0
1085,10.0,2.0,41.0,prestabiliti.,it,it_43,0.0,316.0,526.0,526.0,2.0,2.0,1.0,0.0
1086,10.0,3.0,42.0,Esistono,it,it_43,0.0,207.0,207.0,207.0,1.0,1.0,0.0,0.0
1087,10.0,3.0,43.0,tre,it,it_43,1.0,0.0,0.0,0.0,0.0,0.0,0.0,0.0
1088,10.0,3.0,44.0,tipi,it,it_43,0.0,251.0,251.0,251.0,1.0,1.0,0.0,0.0
1089,10.0,3.0,45.0,differenti,it,it_43,0.0,280.0,459.0,459.0,2.0,2.0,1.0,0.0
1090,10.0,3.0,46.0,di,it,it_43,1.0,0.0,0.0,0.0,0.0,0.0,0.0,0.0
1091,10.0,3.0,47.0,bandiere,it,it_43,0.0,258.0,258.0,258.0,1.0,1.0,0.0,0.0
1092,10.0,3.0,48.0,nazionali,it,it_43,0.0,356.0,356.0,356.0,1.0,1.0,0.0,0.0
1093,10.0,3.0,49.0,per,it,it_43,1.0,0.0,0.0,0.0,0.0,0.0,0.0,0.0
1094,10.0,3.0,50.0,l'uso,it,it_43,0.0,257.0,257.0,257.0,1.0,1.0,0.0,0.0
1095,10.0,3.0,51.0,a,it,it_43,1.0,0.0,0.0,0.0,0.0,0.0,0.0,0.0
1096,10.0,3.0,52.0,terra,it,it_43,0.0,208.0,208.0,208.0,1.0,1.0,0.0,0.0
1097,10.0,3.0,53.0,e,it,it_43,1.0,0.0,0.0,0.0,0.0,0.0,0.0,0.0
1098,10.0,3.0,54.0,tre,it,it_43,0.0,136.0,136.0,136.0,1.0,1.0,0.0,0.0
1099,10.0,3.0,55.0,per,it,it_43,0.0,192.0,356.0,523.0,2.0,3.0,1.0,1.0
1100,10.0,3.0,56.0,l'uso,it,it_43,0.0,219.0,219.0,433.0,1.0,2.0,0.0,1.0
1101,10.0,3.0,57.0,in,it,it_43,1.0,0.0,0.0,0.0,0.0,0.0,0.0,0.0
1102,10.0,3.0,58.0,"mare,",it,it_43,0.0,213.0,213.0,213.0,1.0,1.0,0.0,0.0
1103,10.0,3.0,59.0,anche,it,it_43,1.0,0.0,0.0,0.0,0.0,0.0,0.0,0.0
1104,10.0,3.0,60.0,se,it,it_43,0.0,192.0,192.0,192.0,1.0,1.0,0.0,0.0
1105,10.0,3.0,61.0,molte,it,it_43,0.0,224.0,224.0,224.0,1.0,1.0,0.0,0.0
1106,10.0,3.0,62.0,nazioni,it,it_43,0.0,260.0,260.0,260.0,1.0,1.0,0.0,0.0
1107,10.0,3.0,63.0,utilizzano,it,it_43,0.0,206.0,206.0,206.0,1.0,1.0,0.0,0.0
1108,10.0,3.0,64.0,le,it,it_43,1.0,0.0,0.0,0.0,0.0,0.0,0.0,0.0
1109,10.0,3.0,65.0,stesse,it,it_43,0.0,236.0,236.0,236.0,1.0,1.0,0.0,0.0
1110,10.0,3.0,66.0,per,it,it_43,1.0,0.0,0.0,0.0,0.0,0.0,0.0,0.0
1111,10.0,3.0,67.0,diverse,it,it_43,0.0,288.0,288.0,645.0,1.0,3.0,1.0,1.0
1112,10.0,3.0,68.0,versioni.,it,it_43,0.0,167.0,167.0,797.0,1.0,4.0,1.0,1.0
1113,10.0,4.0,69.0,In,it,it_43,1.0,0.0,0.0,0.0,0.0,0.0,0.0,0.0
1114,10.0,4.0,70.0,"terra,",it,it_43,0.0,303.0,303.0,491.0,1.0,2.0,0.0,1.0
1115,10.0,4.0,71.0,avviene,it,it_43,0.0,263.0,263.0,444.0,1.0,2.0,0.0,1.0
1116,10.0,4.0,72.0,una,it,it_43,0.0,137.0,137.0,285.0,1.0,2.0,0.0,1.0
1117,10.0,4.0,73.0,distinzione,it,it_43,0.0,240.0,240.0,240.0,1.0,1.0,0.0,0.0
1118,10.0,4.0,74.0,fra,it,it_43,0.0,170.0,170.0,170.0,1.0,1.0,0.0,0.0
1119,10.0,4.0,75.0,bandiera,it,it_43,0.0,442.0,442.0,867.0,1.0,3.0,0.0,1.0
1120,10.0,4.0,76.0,"civile,",it,it_43,0.0,197.0,197.0,413.0,1.0,2.0,0.0,1.0
1121,10.0,4.0,77.0,bandiera,it,it_43,0.0,311.0,311.0,604.0,1.0,2.0,0.0,1.0
1122,10.0,4.0,78.0,di,it,it_43,0.0,200.0,200.0,200.0,1.0,1.0,0.0,0.0
1123,10.0,4.0,79.0,"Stato,",it,it_43,0.0,279.0,279.0,279.0,1.0,1.0,0.0,0.0
1124,10.0,4.0,80.0,e,it,it_43,1.0,0.0,0.0,0.0,0.0,0.0,0.0,0.0
1125,10.0,4.0,81.0,bandiera,it,it_43,0.0,280.0,280.0,805.0,1.0,3.0,0.0,1.0
1126,10.0,4.0,82.0,di,it,it_43,1.0,0.0,0.0,0.0,0.0,0.0,0.0,0.0
1127,10.0,4.0,83.0,guerra.,it,it_43,0.0,196.0,292.0,508.0,2.0,3.0,1.0,1.0
1128,10.0,5.0,84.0,La,it,it_43,1.0,0.0,0.0,0.0,0.0,0.0,0.0,0.0
1129,10.0,5.0,85.0,bandiera,it,it_43,0.0,212.0,212.0,428.0,1.0,2.0,0.0,1.0
1130,10.0,5.0,86.0,di,it,it_43,1.0,0.0,0.0,0.0,0.0,0.0,0.0,0.0
1131,10.0,5.0,87.0,Stato,it,it_43,0.0,291.0,291.0,291.0,1.0,1.0,0.0,0.0
1132,10.0,5.0,88.0,è,it,it_43,0.0,87.0,87.0,87.0,1.0,1.0,0.0,0.0
1133,10.0,5.0,89.0,quella,it,it_43,0.0,167.0,167.0,167.0,1.0,1.0,0.0,0.0
1134,10.0,5.0,90.0,ufficialmente,it,it_43,0.0,149.0,149.0,326.0,1.0,2.0,0.0,1.0
1135,10.0,5.0,91.0,utilizzata,it,it_43,0.0,213.0,213.0,213.0,1.0,1.0,0.0,0.0
1136,10.0,5.0,92.0,dalle,it,it_43,1.0,0.0,0.0,0.0,0.0,0.0,0.0,0.0
1137,10.0,5.0,93.0,agenzie,it,it_43,0.0,249.0,490.0,490.0,2.0,2.0,1.0,0.0
1138,10.0,5.0,94.0,"governative,",it,it_43,0.0,184.0,184.0,184.0,1.0,1.0,0.0,0.0
1139,10.0,5.0,95.0,mentre,it,it_43,0.0,190.0,190.0,190.0,1.0,1.0,0.0,0.0
1140,10.0,5.0,96.0,la,it,it_43,1.0,0.0,0.0,0.0,0.0,0.0,0.0,0.0
1141,10.0,5.0,97.0,bandiera,it,it_43,0.0,231.0,231.0,231.0,1.0,1.0,0.0,0.0
1142,10.0,5.0,98.0,civile,it,it_43,1.0,0.0,0.0,0.0,0.0,0.0,0.0,0.0
1143,10.0,5.0,99.0,può,it,it_43,0.0,210.0,210.0,210.0,1.0,1.0,0.0,0.0
1144,10.0,5.0,100.0,essere,it,it_43,0.0,225.0,225.0,225.0,1.0,1.0,0.0,0.0
1145,10.0,5.0,101.0,esposta,it,it_43,0.0,303.0,303.0,303.0,1.0,1.0,0.0,0.0
1146,10.0,5.0,102.0,da,it,it_43,1.0,0.0,0.0,0.0,0.0,0.0,0.0,0.0
1147,10.0,5.0,103.0,chiunque.,it,it_43,0.0,177.0,346.0,346.0,2.0,2.0,1.0,0.0
1148,10.0,6.0,104.0,La,it,it_43,1.0,0.0,0.0,0.0,0.0,0.0,0.0,0.0
1149,10.0,6.0,105.0,bandiera,it,it_43,0.0,264.0,264.0,264.0,1.0,1.0,0.0,0.0
1150,10.0,6.0,106.0,di,it,it_43,1.0,0.0,0.0,0.0,0.0,0.0,0.0,0.0
1151,10.0,6.0,107.0,guerra,it,it_43,0.0,208.0,208.0,208.0,1.0,1.0,0.0,0.0
1152,10.0,6.0,108.0,è,it,it_43,1.0,0.0,0.0,0.0,0.0,0.0,0.0,0.0
1153,10.0,6.0,109.0,quella,it,it_43,0.0,228.0,228.0,228.0,1.0,1.0,0.0,0.0
1154,10.0,6.0,110.0,utilizzata,it,it_43,0.0,157.0,157.0,157.0,1.0,1.0,0.0,0.0
1155,10.0,6.0,111.0,dall'esercito.,it,it_43,0.0,232.0,411.0,411.0,2.0,2.0,1.0,0.0
1156,10.0,7.0,112.0,È,it,it_43,1.0,0.0,0.0,0.0,0.0,0.0,0.0,0.0
1157,10.0,7.0,113.0,sicuramente,it,it_43,0.0,259.0,259.0,816.0,1.0,4.0,1.0,1.0
1158,10.0,7.0,114.0,la,it,it_43,1.0,0.0,0.0,0.0,0.0,0.0,0.0,0.0
1159,10.0,7.0,115.0,stella,it,it_43,0.0,472.0,626.0,963.0,2.0,4.0,1.0,1.0
1160,10.0,7.0,116.0,il,it,it_43,1.0,0.0,0.0,0.0,0.0,0.0,0.0,0.0
1161,10.0,7.0,117.0,simbolo,it,it_43,0.0,148.0,148.0,1247.0,1.0,7.0,1.0,1.0
1162,10.0,7.0,118.0,più,it,it_43,0.0,109.0,109.0,228.0,1.0,2.0,0.0,1.0
1163,10.0,7.0,119.0,presente,it,it_43,0.0,185.0,338.0,714.0,2.0,4.0,1.0,1.0
1164,10.0,7.0,120.0,sulle,it,it_43,0.0,209.0,209.0,358.0,1.0,2.0,0.0,1.0
1165,10.0,7.0,121.0,bandiere,it,it_43,0.0,195.0,195.0,433.0,1.0,2.0,0.0,1.0
1166,10.0,7.0,122.0,nazionali:,it,it_43,0.0,321.0,321.0,733.0,1.0,3.0,0.0,1.0
1167,10.0,7.0,123.0,è,it,it_43,1.0,0.0,0.0,0.0,0.0,0.0,0.0,0.0
1168,10.0,7.0,124.0,presente,it,it_43,0.0,256.0,256.0,256.0,1.0,1.0,0.0,0.0
1169,10.0,7.0,125.0,in,it,it_43,0.0,154.0,154.0,154.0,1.0,1.0,0.0,0.0
1170,10.0,7.0,126.0,circa,it,it_43,0.0,219.0,388.0,388.0,2.0,2.0,1.0,0.0
1171,10.0,7.0,127.0,un,it,it_43,1.0,0.0,0.0,0.0,0.0,0.0,0.0,0.0
1172,10.0,7.0,128.0,terzo,it,it_43,0.0,177.0,177.0,251.0,1.0,2.0,0.0,1.0
1173,10.0,7.0,129.0,dei,it,it_43,0.0,322.0,322.0,322.0,1.0,1.0,0.0,0.0
1174,10.0,7.0,130.0,vessilli,it,it_43,0.0,330.0,330.0,552.0,1.0,2.0,0.0,1.0
1175,10.0,7.0,131.0,dei,it,it_43,1.0,0.0,0.0,0.0,0.0,0.0,0.0,0.0
1176,10.0,7.0,132.0,paesi,it,it_43,0.0,264.0,264.0,264.0,1.0,1.0,0.0,0.0
1177,10.0,7.0,133.0,riconosciuti,it,it_43,0.0,310.0,481.0,830.0,2.0,4.0,1.0,1.0
1178,10.0,7.0,134.0,dalle,it,it_43,1.0,0.0,0.0,0.0,0.0,0.0,0.0,0.0
1179,10.0,7.0,135.0,Nazioni,it,it_43,0.0,322.0,322.0,322.0,1.0,1.0,0.0,0.0
1180,10.0,7.0,136.0,Unite.,it,it_43,0.0,188.0,188.0,188.0,1.0,1.0,0.0,0.0
1181,10.0,8.0,137.0,Questo,it,it_43,0.0,148.0,148.0,389.0,1.0,2.0,0.0,1.0
1182,10.0,8.0,138.0,simbolo,it,it_43,0.0,166.0,322.0,322.0,2.0,2.0,1.0,0.0
1183,10.0,8.0,139.0,sottintende,it,it_43,0.0,187.0,187.0,400.0,1.0,2.0,0.0,1.0
1184,10.0,8.0,140.0,però,it,it_43,1.0,0.0,0.0,0.0,0.0,0.0,0.0,0.0
1185,10.0,8.0,141.0,significati,it,it_43,0.0,245.0,411.0,667.0,2.0,3.0,1.0,1.0
1186,10.0,8.0,142.0,diversi,it,it_43,0.0,247.0,247.0,247.0,1.0,1.0,0.0,0.0
1187,10.0,8.0,143.0,a,it,it_43,1.0,0.0,0.0,0.0,0.0,0.0,0.0,0.0
1188,10.0,8.0,144.0,seconda,it,it_43,0.0,257.0,257.0,478.0,1.0,2.0,0.0,1.0
1189,10.0,8.0,145.0,delle,it,it_43,1.0,0.0,0.0,0.0,0.0,0.0,0.0,0.0
1190,10.0,8.0,146.0,bandiere:,it,it_43,0.0,256.0,256.0,444.0,1.0,2.0,0.0,1.0
1191,10.0,8.0,147.0,ad,it,it_43,1.0,0.0,0.0,0.0,0.0,0.0,0.0,0.0
1192,10.0,8.0,148.0,"esempio,",it,it_43,0.0,230.0,320.0,812.0,2.0,5.0,1.0,1.0
1193,10.0,8.0,149.0,sulla,it,it_43,0.0,175.0,175.0,175.0,1.0,1.0,0.0,0.0
1194,10.0,8.0,150.0,bandiera,it,it_43,0.0,193.0,193.0,472.0,1.0,2.0,0.0,1.0
1195,10.0,8.0,151.0,statunitense,it,it_43,0.0,258.0,258.0,258.0,1.0,1.0,0.0,0.0
1196,10.0,8.0,152.0,le,it,it_43,1.0,0.0,0.0,0.0,0.0,0.0,0.0,0.0
1197,10.0,8.0,153.0,stelle,it,it_43,0.0,227.0,227.0,227.0,1.0,1.0,0.0,0.0
1198,10.0,8.0,154.0,rappresentano,it,it_43,0.0,276.0,276.0,276.0,1.0,1.0,0.0,0.0
1199,10.0,8.0,155.0,ciascuno,it,it_43,0.0,255.0,255.0,255.0,1.0,1.0,0.0,0.0
1200,10.0,8.0,156.0,degli,it,it_43,1.0,0.0,0.0,0.0,0.0,0.0,0.0,0.0
1201,10.0,8.0,157.0,stati,it,it_43,0.0,414.0,414.0,414.0,1.0,1.0,0.0,0.0
1202,10.0,8.0,158.0,"americani,",it,it_43,0.0,202.0,202.0,202.0,1.0,1.0,0.0,0.0
1203,10.0,8.0,159.0,quelle,it,it_43,0.0,148.0,148.0,148.0,1.0,1.0,0.0,0.0
1204,10.0,8.0,160.0,sulla,it,it_43,0.0,192.0,192.0,192.0,1.0,1.0,0.0,0.0
1205,10.0,8.0,161.0,bandiera,it,it_43,0.0,288.0,521.0,929.0,2.0,4.0,1.0,1.0
1206,10.0,8.0,162.0,cinese,it,it_43,0.0,241.0,241.0,241.0,1.0,1.0,0.0,0.0
1207,10.0,8.0,163.0,simboleggiano,it,it_43,0.0,216.0,216.0,216.0,1.0,1.0,0.0,0.0
1208,10.0,8.0,164.0,invece,it,it_43,0.0,135.0,135.0,135.0,1.0,1.0,0.0,0.0
1209,10.0,8.0,165.0,le,it,it_43,0.0,186.0,186.0,186.0,1.0,1.0,0.0,0.0
1210,10.0,8.0,166.0,quattro,it,it_43,0.0,160.0,160.0,160.0,1.0,1.0,0.0,0.0
1211,10.0,8.0,167.0,classi,it,it_43,0.0,249.0,249.0,249.0,1.0,1.0,0.0,0.0
1212,10.0,8.0,168.0,sociali,it,it_43,0.0,31.0,31.0,31.0,1.0,1.0,0.0,0.0
1213,10.0,8.0,169.0,"e,",it,it_43,1.0,0.0,0.0,0.0,0.0,0.0,0.0,0.0
1214,10.0,8.0,170.0,la,it,it_43,0.0,392.0,392.0,392.0,1.0,1.0,0.0,0.0
1215,10.0,8.0,171.0,più,it,it_43,0.0,223.0,223.0,223.0,1.0,1.0,0.0,0.0
1216,10.0,8.0,172.0,"grande,",it,it_43,0.0,162.0,162.0,162.0,1.0,1.0,0.0,0.0
1217,10.0,8.0,173.0,il,it,it_43,1.0,0.0,0.0,0.0,0.0,0.0,0.0,0.0
1218,10.0,8.0,174.0,partito,it,it_43,0.0,211.0,211.0,236.0,1.0,2.0,0.0,1.0
1219,10.0,8.0,175.0,comunista,it,it_43,0.0,311.0,311.0,595.0,1.0,2.0,0.0,1.0
1220,10.0,8.0,176.0,cinese.,it,it_43,1.0,0.0,0.0,0.0,0.0,0.0,0.0,0.0
1221,11.0,2.0,38.0,ed,it,it_43,1.0,0.0,0.0,0.0,0.0,0.0,0.0,0.0
1222,11.0,2.0,39.0,istruzione.,it,it_43,0.0,384.0,384.0,384.0,1.0,1.0,0.0,0.0
1223,11.0,3.0,40.0,La,it,it_43,1.0,0.0,0.0,0.0,0.0,0.0,0.0,0.0
1224,11.0,3.0,41.0,sua,it,it_43,1.0,0.0,0.0,0.0,0.0,0.0,0.0,0.0
1225,11.0,3.0,42.0,missione,it,it_43,0.0,191.0,333.0,333.0,2.0,2.0,1.0,0.0
1226,11.0,3.0,43.0,è,it,it_43,1.0,0.0,0.0,0.0,0.0,0.0,0.0,0.0
1227,11.0,3.0,44.0,"""influenzare,",it,it_43,0.0,260.0,377.0,377.0,2.0,2.0,1.0,0.0
1228,11.0,3.0,45.0,incoraggiare,it,it_43,0.0,274.0,770.0,770.0,2.0,2.0,1.0,0.0
1229,11.0,3.0,46.0,e,it,it_43,1.0,0.0,0.0,0.0,0.0,0.0,0.0,0.0
1230,11.0,3.0,47.0,fornire,it,it_43,0.0,393.0,393.0,393.0,1.0,1.0,0.0,0.0
1231,11.0,3.0,48.0,assistenza,it,it_43,0.0,200.0,200.0,200.0,1.0,1.0,0.0,0.0
1232,11.0,3.0,49.0,alle,it,it_43,1.0,0.0,0.0,0.0,0.0,0.0,0.0,0.0
1233,11.0,3.0,50.0,società,it,it_43,0.0,236.0,236.0,236.0,1.0,1.0,0.0,0.0
1234,11.0,3.0,51.0,di,it,it_43,1.0,0.0,0.0,0.0,0.0,0.0,0.0,0.0
1235,11.0,3.0,52.0,tutto,it,it_43,0.0,133.0,133.0,133.0,1.0,1.0,0.0,0.0
1236,11.0,3.0,53.0,il,it,it_43,0.0,220.0,220.0,220.0,1.0,1.0,0.0,0.0
1237,11.0,3.0,54.0,mondo,it,it_43,1.0,0.0,0.0,0.0,0.0,0.0,0.0,0.0
1238,11.0,3.0,55.0,nel,it,it_43,0.0,174.0,174.0,174.0,1.0,1.0,0.0,0.0
1239,11.0,3.0,56.0,preservare,it,it_43,0.0,202.0,202.0,202.0,1.0,1.0,0.0,0.0
1240,11.0,3.0,57.0,la,it,it_43,1.0,0.0,0.0,0.0,0.0,0.0,0.0,0.0
1241,11.0,3.0,58.0,natura,it,it_43,0.0,83.0,518.0,518.0,2.0,2.0,1.0,0.0
1242,11.0,3.0,59.0,e,it,it_43,1.0,0.0,0.0,0.0,0.0,0.0,0.0,0.0
1243,11.0,3.0,60.0,garantire,it,it_43,0.0,309.0,309.0,309.0,1.0,1.0,0.0,0.0
1244,11.0,3.0,61.0,che,it,it_43,1.0,0.0,0.0,0.0,0.0,0.0,0.0,0.0
1245,11.0,3.0,62.0,qualsiasi,it,it_43,0.0,293.0,293.0,293.0,1.0,1.0,0.0,0.0
1246,11.0,3.0,63.0,uso,it,it_43,0.0,182.0,182.0,182.0,1.0,1.0,0.0,0.0
1247,11.0,3.0,64.0,di,it,it_43,0.0,216.0,216.0,216.0,1.0,1.0,0.0,0.0
1248,11.0,3.0,65.0,risorse,it,it_43,0.0,184.0,184.0,184.0,1.0,1.0,0.0,0.0
1249,11.0,3.0,66.0,naturali,it,it_43,0.0,137.0,137.0,299.0,1.0,2.0,0.0,1.0
1250,11.0,3.0,67.0,sia,it,it_43,1.0,0.0,0.0,0.0,0.0,0.0,0.0,0.0
1251,11.0,3.0,68.0,equo,it,it_43,0.0,268.0,268.0,268.0,1.0,1.0,0.0,0.0
1252,11.0,3.0,69.0,ed,it,it_43,0.0,165.0,165.0,165.0,1.0,1.0,0.0,0.0
1253,11.0,3.0,70.0,ecologicamente,it,it_43,0.0,172.0,172.0,638.0,1.0,3.0,1.0,1.0
1254,11.0,3.0,71.0,"sostenibile"".",it,it_43,0.0,353.0,353.0,542.0,1.0,2.0,0.0,1.0
1255,11.0,4.0,72.0,Negli,it,it_43,1.0,0.0,0.0,0.0,0.0,0.0,0.0,0.0
1256,11.0,4.0,73.0,ultimi,it,it_43,0.0,262.0,262.0,416.0,1.0,2.0,0.0,1.0
1257,11.0,4.0,74.0,"decenni,",it,it_43,0.0,253.0,253.0,452.0,1.0,2.0,0.0,1.0
1258,11.0,4.0,75.0,l'organizzazione,it,it_43,0.0,254.0,254.0,594.0,1.0,3.0,0.0,1.0
1259,11.0,4.0,76.0,ha,it,it_43,0.0,214.0,214.0,214.0,1.0,1.0,0.0,0.0
1260,11.0,4.0,77.0,posto,it,it_43,0.0,185.0,185.0,587.0,1.0,3.0,0.0,1.0
1261,11.0,4.0,78.0,la,it,it_43,1.0,0.0,0.0,0.0,0.0,0.0,0.0,0.0
1262,11.0,4.0,79.0,propria,it,it_43,0.0,272.0,272.0,470.0,1.0,2.0,0.0,1.0
1263,11.0,4.0,80.0,attenzione,it,it_43,0.0,165.0,165.0,336.0,1.0,2.0,0.0,1.0
1264,11.0,4.0,81.0,al,it,it_43,1.0,0.0,0.0,0.0,0.0,0.0,0.0,0.0
1265,11.0,4.0,82.0,di,it,it_43,1.0,0.0,0.0,0.0,0.0,0.0,0.0,0.0
1266,11.0,4.0,83.0,là,it,it_43,0.0,262.0,262.0,262.0,1.0,1.0,0.0,0.0
1267,11.0,4.0,84.0,dell'ecologia,it,it_43,0.0,221.0,221.0,919.0,1.0,4.0,1.0,1.0
1268,11.0,4.0,85.0,della,it,it_43,1.0,0.0,0.0,0.0,0.0,0.0,0.0,0.0
1269,11.0,4.0,86.0,conservazione,it,it_43,0.0,443.0,684.0,1271.0,2.0,5.0,1.0,1.0
1270,11.0,4.0,87.0,e,it,it_43,1.0,0.0,0.0,0.0,0.0,0.0,0.0,0.0
1271,11.0,4.0,88.0,ora,it,it_43,0.0,225.0,225.0,225.0,1.0,1.0,0.0,0.0
1272,11.0,4.0,89.0,"incorpora,",it,it_43,0.0,233.0,233.0,1317.0,1.0,6.0,1.0,1.0
1273,11.0,4.0,90.0,nei,it,it_43,1.0,0.0,0.0,0.0,0.0,0.0,0.0,0.0
1274,11.0,4.0,91.0,suoi,it,it_43,0.0,358.0,358.0,358.0,1.0,1.0,0.0,0.0
1275,11.0,4.0,92.0,"progetti,",it,it_43,0.0,92.0,230.0,591.0,2.0,4.0,1.0,1.0
1276,11.0,4.0,93.0,questioni,it,it_43,0.0,225.0,225.0,366.0,1.0,2.0,0.0,1.0
1277,11.0,4.0,94.0,relative,it,it_43,0.0,266.0,266.0,378.0,1.0,2.0,0.0,1.0
1278,11.0,4.0,95.0,allo,it,it_43,0.0,139.0,139.0,139.0,1.0,1.0,0.0,0.0
1279,11.0,4.0,96.0,sviluppo,it,it_43,0.0,199.0,199.0,354.0,1.0,2.0,0.0,1.0
1280,11.0,4.0,97.0,sostenibile.,it,it_43,0.0,270.0,270.0,461.0,1.0,2.0,0.0,1.0
1281,11.0,5.0,98.0,A,it,it_43,1.0,0.0,0.0,0.0,0.0,0.0,0.0,0.0
1282,11.0,5.0,99.0,differenza,it,it_43,0.0,194.0,283.0,383.0,2.0,3.0,1.0,1.0
1283,11.0,5.0,100.0,di,it,it_43,0.0,177.0,177.0,177.0,1.0,1.0,0.0,0.0
1284,11.0,5.0,101.0,molte,it,it_43,1.0,0.0,0.0,0.0,0.0,0.0,0.0,0.0
1285,11.0,5.0,102.0,altre,it,it_43,0.0,198.0,198.0,198.0,1.0,1.0,0.0,0.0
1286,11.0,5.0,103.0,organizzazioni,it,it_43,0.0,235.0,235.0,500.0,1.0,2.0,0.0,1.0
1287,11.0,5.0,104.0,ambientaliste,it,it_43,0.0,343.0,343.0,343.0,1.0,1.0,0.0,0.0
1288,11.0,5.0,105.0,"internazionali,",it,it_43,0.0,268.0,268.0,268.0,1.0,1.0,0.0,0.0
1289,11.0,5.0,106.0,non,it,it_43,0.0,141.0,141.0,141.0,1.0,1.0,0.0,0.0
1290,11.0,5.0,107.0,mira,it,it_43,1.0,0.0,0.0,0.0,0.0,0.0,0.0,0.0
1291,11.0,5.0,108.0,a,it,it_43,0.0,214.0,214.0,214.0,1.0,1.0,0.0,0.0
1292,11.0,5.0,109.0,mobilitare,it,it_43,0.0,140.0,140.0,355.0,1.0,2.0,0.0,1.0
1293,11.0,5.0,110.0,il,it,it_43,1.0,0.0,0.0,0.0,0.0,0.0,0.0,0.0
1294,11.0,5.0,111.0,pubblico,it,it_43,0.0,417.0,417.0,417.0,1.0,1.0,0.0,0.0
1295,11.0,5.0,112.0,a,it,it_43,1.0,0.0,0.0,0.0,0.0,0.0,0.0,0.0
1296,11.0,5.0,113.0,sostegno,it,it_43,0.0,517.0,517.0,517.0,1.0,1.0,0.0,0.0
1297,11.0,5.0,114.0,della,it,it_43,0.0,290.0,290.0,290.0,1.0,1.0,0.0,0.0
1298,11.0,5.0,115.0,conservazione,it,it_43,0.0,161.0,161.0,161.0,1.0,1.0,0.0,0.0
1299,11.0,1.0,1.0,L'Unione,it,it_43,0.0,157.0,157.0,488.0,1.0,3.0,0.0,1.0
1300,11.0,1.0,2.0,Internazionale,it,it_43,0.0,161.0,729.0,872.0,3.0,4.0,1.0,1.0
1301,11.0,1.0,3.0,per,it,it_43,1.0,0.0,0.0,0.0,0.0,0.0,0.0,0.0
1302,11.0,1.0,4.0,la,it,it_43,1.0,0.0,0.0,0.0,0.0,0.0,0.0,0.0
1303,11.0,1.0,5.0,Conservazione,it,it_43,0.0,262.0,411.0,612.0,2.0,3.0,1.0,1.0
1304,11.0,1.0,6.0,della,it,it_43,1.0,0.0,0.0,0.0,0.0,0.0,0.0,0.0
1305,11.0,1.0,7.0,Natura,it,it_43,0.0,311.0,311.0,311.0,1.0,1.0,0.0,0.0
1306,11.0,1.0,8.0,è,it,it_43,1.0,0.0,0.0,0.0,0.0,0.0,0.0,0.0
1307,11.0,1.0,9.0,un'organizzazione,it,it_43,0.0,282.0,437.0,437.0,2.0,2.0,1.0,0.0
1308,11.0,1.0,10.0,internazionale,it,it_43,0.0,284.0,284.0,284.0,1.0,1.0,0.0,0.0
1309,11.0,1.0,11.0,che,it,it_43,1.0,0.0,0.0,0.0,0.0,0.0,0.0,0.0
1310,11.0,1.0,12.0,opera,it,it_43,1.0,0.0,0.0,0.0,0.0,0.0,0.0,0.0
1311,11.0,1.0,13.0,nel,it,it_43,0.0,316.0,316.0,316.0,1.0,1.0,0.0,0.0
1312,11.0,1.0,14.0,campo,it,it_43,0.0,166.0,166.0,166.0,1.0,1.0,0.0,0.0
1313,11.0,1.0,15.0,della,it,it_43,0.0,158.0,158.0,158.0,1.0,1.0,0.0,0.0
1314,11.0,1.0,16.0,conservazione,it,it_43,0.0,140.0,140.0,140.0,1.0,1.0,0.0,0.0
1315,11.0,1.0,17.0,della,it,it_43,0.0,190.0,190.0,190.0,1.0,1.0,0.0,0.0
1316,11.0,1.0,18.0,natura,it,it_43,0.0,209.0,209.0,209.0,1.0,1.0,0.0,0.0
1317,11.0,1.0,19.0,e,it,it_43,1.0,0.0,0.0,0.0,0.0,0.0,0.0,0.0
1318,11.0,1.0,20.0,dell'uso,it,it_43,0.0,177.0,177.0,410.0,1.0,2.0,0.0,1.0
1319,11.0,1.0,21.0,sostenibile,it,it_43,0.0,186.0,186.0,372.0,1.0,2.0,0.0,1.0
1320,11.0,1.0,22.0,delle,it,it_43,0.0,162.0,162.0,345.0,1.0,2.0,0.0,1.0
1321,11.0,1.0,23.0,risorse,it,it_43,0.0,200.0,200.0,548.0,1.0,2.0,0.0,1.0
1322,11.0,1.0,24.0,naturali.,it,it_43,0.0,202.0,202.0,987.0,1.0,4.0,1.0,1.0
1323,11.0,2.0,25.0,È,it,it_43,0.0,148.0,148.0,148.0,1.0,1.0,0.0,0.0
1324,11.0,2.0,26.0,coinvolta,it,it_43,0.0,232.0,232.0,232.0,1.0,1.0,0.0,0.0
1325,11.0,2.0,27.0,in,it,it_43,0.0,194.0,194.0,194.0,1.0,1.0,0.0,0.0
1326,11.0,2.0,28.0,raccolta,it,it_43,0.0,496.0,496.0,496.0,1.0,1.0,0.0,0.0
1327,11.0,2.0,29.0,e,it,it_43,0.0,235.0,235.0,600.0,1.0,3.0,0.0,1.0
1328,11.0,2.0,30.0,analisi,it,it_43,0.0,212.0,212.0,418.0,1.0,3.0,0.0,1.0
1329,11.0,2.0,31.0,di,it,it_43,1.0,0.0,0.0,0.0,0.0,0.0,0.0,0.0
1330,11.0,2.0,32.0,"dati,",it,it_43,0.0,348.0,348.0,348.0,1.0,1.0,0.0,0.0
1331,11.0,2.0,33.0,"ricerca,",it,it_43,0.0,200.0,200.0,200.0,1.0,1.0,0.0,0.0
1332,11.0,2.0,34.0,progetti,it,it_43,0.0,277.0,599.0,599.0,2.0,2.0,1.0,0.0
1333,11.0,2.0,35.0,sul,it,it_43,1.0,0.0,0.0,0.0,0.0,0.0,0.0,0.0
1334,11.0,2.0,36.0,"campo,",it,it_43,0.0,181.0,181.0,181.0,1.0,1.0,0.0,0.0
1335,11.0,2.0,37.0,patrocinio,it,it_43,0.0,220.0,220.0,639.0,1.0,3.0,1.0,1.0
1336,11.0,5.0,116.0,della,it,it_43,0.0,141.0,141.0,141.0,1.0,1.0,0.0,0.0
1337,11.0,5.0,117.0,natura.,it,it_43,0.0,253.0,253.0,253.0,1.0,1.0,0.0,0.0
1338,11.0,6.0,118.0,Al,it,it_43,1.0,0.0,0.0,0.0,0.0,0.0,0.0,0.0
1339,11.0,6.0,119.0,"contrario,",it,it_43,0.0,179.0,179.0,375.0,1.0,2.0,0.0,1.0
1340,11.0,6.0,120.0,l'organizzazione,it,it_43,0.0,324.0,538.0,1014.0,2.0,5.0,1.0,1.0
1341,11.0,6.0,121.0,cerca,it,it_43,0.0,135.0,135.0,259.0,1.0,2.0,0.0,1.0
1342,11.0,6.0,122.0,di,it,it_43,1.0,0.0,0.0,0.0,0.0,0.0,0.0,0.0
1343,11.0,6.0,123.0,influenzare,it,it_43,0.0,229.0,391.0,653.0,2.0,4.0,1.0,1.0
1344,11.0,6.0,124.0,le,it,it_43,1.0,0.0,0.0,0.0,0.0,0.0,0.0,0.0
1345,11.0,6.0,125.0,azioni,it,it_43,0.0,181.0,181.0,404.0,1.0,2.0,0.0,1.0
1346,11.0,6.0,126.0,di,it,it_43,1.0,0.0,0.0,0.0,0.0,0.0,0.0,0.0
1347,11.0,6.0,127.0,"governi,",it,it_43,0.0,385.0,385.0,626.0,1.0,2.0,0.0,1.0
1348,11.0,6.0,128.0,imprese,it,it_43,0.0,231.0,231.0,412.0,1.0,2.0,0.0,1.0
1349,11.0,6.0,129.0,e,it,it_43,1.0,0.0,0.0,0.0,0.0,0.0,0.0,0.0
1350,11.0,6.0,130.0,altre,it,it_43,0.0,201.0,201.0,201.0,1.0,1.0,0.0,0.0
1351,11.0,6.0,131.0,parti,it,it_43,0.0,158.0,158.0,322.0,1.0,2.0,0.0,1.0
1352,11.0,6.0,132.0,interessate,it,it_43,0.0,166.0,439.0,879.0,2.0,4.0,1.0,1.0
1353,11.0,6.0,133.0,fornendo,it,it_43,0.0,404.0,535.0,702.0,2.0,3.0,1.0,1.0
1354,11.0,6.0,134.0,informazioni,it,it_43,0.0,226.0,226.0,458.0,1.0,2.0,0.0,1.0
1355,11.0,6.0,135.0,e,it,it_43,1.0,0.0,0.0,0.0,0.0,0.0,0.0,0.0
1356,11.0,6.0,136.0,consulenza,it,it_43,0.0,264.0,466.0,781.0,2.0,4.0,1.0,1.0
1357,11.0,6.0,137.0,e,it,it_43,0.0,180.0,180.0,180.0,1.0,1.0,0.0,0.0
1358,11.0,6.0,138.0,costruendo,it,it_43,0.0,213.0,213.0,625.0,1.0,3.0,0.0,1.0
1359,11.0,6.0,139.0,partenariati.,it,it_43,0.0,172.0,172.0,977.0,1.0,4.0,1.0,1.0
1360,11.0,7.0,140.0,L'organizzazione,it,it_43,0.0,242.0,242.0,242.0,1.0,1.0,0.0,0.0
1361,11.0,7.0,141.0,è,it,it_43,1.0,0.0,0.0,0.0,0.0,0.0,0.0,0.0
1362,11.0,7.0,142.0,nota,it,it_43,0.0,396.0,396.0,396.0,1.0,1.0,0.0,0.0
1363,11.0,7.0,143.0,al,it,it_43,1.0,0.0,0.0,0.0,0.0,0.0,0.0,0.0
1364,11.0,7.0,144.0,grande,it,it_43,0.0,180.0,180.0,180.0,1.0,1.0,0.0,0.0
1365,11.0,7.0,145.0,pubblico,it,it_43,0.0,162.0,162.0,162.0,1.0,1.0,0.0,0.0
1366,11.0,7.0,146.0,per,it,it_43,1.0,0.0,0.0,0.0,0.0,0.0,0.0,0.0
1367,11.0,7.0,147.0,la,it,it_43,1.0,0.0,0.0,0.0,0.0,0.0,0.0,0.0
1368,11.0,7.0,148.0,compilazione,it,it_43,0.0,236.0,236.0,476.0,1.0,2.0,0.0,1.0
1369,11.0,7.0,149.0,e,it,it_43,1.0,0.0,0.0,0.0,0.0,0.0,0.0,0.0
1370,11.0,7.0,150.0,la,it,it_43,1.0,0.0,0.0,0.0,0.0,0.0,0.0,0.0
1371,11.0,7.0,151.0,pubblicazione,it,it_43,0.0,230.0,370.0,983.0,2.0,5.0,1.0,1.0
1372,11.0,7.0,152.0,della,it,it_43,0.0,89.0,89.0,89.0,1.0,1.0,0.0,0.0
1373,11.0,7.0,153.0,"""Lista",it,it_43,0.0,162.0,162.0,162.0,1.0,1.0,0.0,0.0
1374,11.0,7.0,154.0,rossa,it,it_43,0.0,135.0,135.0,135.0,1.0,1.0,0.0,0.0
1375,11.0,7.0,155.0,delle,it,it_43,1.0,0.0,0.0,0.0,0.0,0.0,0.0,0.0
1376,11.0,7.0,156.0,specie,it,it_43,0.0,236.0,429.0,680.0,2.0,3.0,1.0,1.0
1377,11.0,7.0,157.0,"minacciate"",",it,it_43,0.0,195.0,195.0,663.0,1.0,3.0,1.0,1.0
1378,11.0,7.0,158.0,che,it,it_43,0.0,155.0,155.0,155.0,1.0,1.0,0.0,0.0
1379,11.0,7.0,159.0,valuta,it,it_43,0.0,185.0,294.0,294.0,2.0,2.0,1.0,0.0
1380,11.0,7.0,160.0,lo,it,it_43,0.0,153.0,153.0,153.0,1.0,1.0,0.0,0.0
1381,11.0,7.0,161.0,stato,it,it_43,0.0,197.0,349.0,349.0,2.0,2.0,1.0,0.0
1382,11.0,7.0,162.0,di,it,it_43,0.0,160.0,160.0,160.0,1.0,1.0,0.0,0.0
1383,11.0,7.0,163.0,conservazione,it,it_43,0.0,196.0,196.0,196.0,1.0,1.0,0.0,0.0
1384,11.0,7.0,164.0,di,it,it_43,1.0,0.0,0.0,0.0,0.0,0.0,0.0,0.0
1385,11.0,7.0,165.0,specie,it,it_43,0.0,213.0,213.0,213.0,1.0,1.0,0.0,0.0
1386,11.0,7.0,166.0,da,it,it_43,1.0,0.0,0.0,0.0,0.0,0.0,0.0,0.0
1387,11.0,7.0,167.0,tutto,it,it_43,1.0,0.0,0.0,0.0,0.0,0.0,0.0,0.0
1388,11.0,7.0,168.0,il,it,it_43,1.0,0.0,0.0,0.0,0.0,0.0,0.0,0.0
1389,11.0,7.0,169.0,mondo.,it,it_43,0.0,248.0,248.0,248.0,1.0,1.0,0.0,0.0
1390,11.0,8.0,170.0,"Oggi,",it,it_43,0.0,130.0,130.0,130.0,1.0,1.0,0.0,0.0
1391,11.0,8.0,171.0,l'organizzazione,it,it_43,0.0,219.0,219.0,373.0,1.0,2.0,0.0,1.0
1392,11.0,8.0,172.0,impiega,it,it_43,0.0,246.0,246.0,246.0,1.0,1.0,0.0,0.0
1393,11.0,8.0,173.0,circa,it,it_43,0.0,177.0,177.0,177.0,1.0,1.0,0.0,0.0
1394,11.0,8.0,174.0,mille,it,it_43,1.0,0.0,0.0,0.0,0.0,0.0,0.0,0.0
1395,11.0,8.0,175.0,dipendenti,it,it_43,0.0,196.0,196.0,196.0,1.0,1.0,0.0,0.0
1396,11.0,8.0,176.0,a,it,it_43,1.0,0.0,0.0,0.0,0.0,0.0,0.0,0.0
1397,11.0,8.0,177.0,tempo,it,it_43,1.0,0.0,0.0,0.0,0.0,0.0,0.0,0.0
1398,11.0,8.0,178.0,pieno,it,it_43,1.0,0.0,0.0,0.0,0.0,0.0,0.0,0.0
1399,11.0,8.0,179.0,in,it,it_43,1.0,0.0,0.0,0.0,0.0,0.0,0.0,0.0
1400,11.0,8.0,180.0,oltre,it,it_43,0.0,196.0,196.0,196.0,1.0,1.0,0.0,0.0
1401,11.0,8.0,181.0,cinquanta,it,it_43,0.0,147.0,147.0,147.0,1.0,1.0,0.0,0.0
1402,11.0,8.0,182.0,paesi.,it,it_43,1.0,0.0,0.0,0.0,0.0,0.0,0.0,0.0
